epoch,fold,train_loss,val_loss,train_accuracy,train_balanced_accuracy,train_precision,train_recall,train_sensitivity,train_f1_score,train_specificity,train_npv,train_ppv,train_mcc,train_auroc,train_auc_pr,train_avg_loss,train_n_samples,train_n_positive,train_n_negative,train_class_ratio,val_accuracy,val_balanced_accuracy,val_precision,val_recall,val_sensitivity,val_f1_score,val_specificity,val_npv,val_ppv,val_mcc,val_auroc,val_auc_pr,val_avg_loss,val_n_samples,val_n_positive,val_n_negative,val_class_ratio
1,1,0.6792760865361083,0.6645077214791224,0.5876543209876544,0.5901015228426396,0.6227544910179641,0.5,0.5,0.5546666666666666,0.6802030456852792,0.5630252100840336,0.6227544910179641,0.18297012861415604,0.612138812963686,0.6419879162375878,0.6792760865361083,405,208,197,0.5135802469135803,0.7450980392156863,0.6068181818181818,0.4,0.36363636363636365,0.36363636363636365,0.38095238095238093,0.85,0.8292682926829268,0.4,0.2213143563935652,0.677840909090909,0.3931913268800688,0.6645077214791224,102,22,80,0.21568627450980393
2,1,0.6552153828681684,0.6424077038581555,0.6123456790123457,0.6027472527472528,0.6979166666666666,0.3435897435897436,0.3435897435897436,0.46048109965635736,0.861904761904762,0.5857605177993528,0.6979166666666666,0.24144171707043147,0.6736752136752137,0.6707097379286984,0.6552153828681684,405,195,210,0.48148148148148145,0.7549019607843137,0.6130681818181818,0.42105263157894735,0.36363636363636365,0.36363636363636365,0.3902439024390244,0.8625,0.8313253012048193,0.42105263157894735,0.23889710752075588,0.7079545454545455,0.4019697834307345,0.6424077038581555,102,22,80,0.21568627450980393
3,1,0.6402982984687767,0.6442159528915699,0.7012345679012346,0.7009238439730179,0.7177033492822966,0.7075471698113207,0.7075471698113207,0.7125890736342043,0.694300518134715,0.6836734693877551,0.7177033492822966,0.4016121842993506,0.7407615602698211,0.735043743792621,0.6402982984687767,405,212,193,0.5234567901234568,0.7745098039215687,0.6914772727272727,0.48,0.5454545454545454,0.5454545454545454,0.5106382978723404,0.8375,0.8701298701298701,0.48,0.366174583041537,0.7392045454545454,0.4516818974185097,0.6442159528915699,102,22,80,0.21568627450980393
4,1,0.6097448053313237,0.6418950030436883,0.745679012345679,0.747524027906523,0.8198757763975155,0.6407766990291263,0.6407766990291263,0.7193460490463215,0.8542713567839196,0.6967213114754098,0.8198757763975155,0.5057078049527938,0.7955066595111481,0.7930615838918185,0.6097448053313237,405,206,199,0.508641975308642,0.7450980392156863,0.6892045454545455,0.43333333333333335,0.5909090909090909,0.5909090909090909,0.5,0.7875,0.875,0.43333333333333335,0.3415788874676483,0.7420454545454546,0.43905515881340507,0.6418950030436883,102,22,80,0.21568627450980393
5,1,0.589151943431181,0.6941358997271612,0.7901234567901234,0.7917587273530711,0.8284313725490197,0.771689497716895,0.771689497716895,0.7990543735224587,0.8118279569892473,0.7512437810945274,0.8284313725490197,0.5815931311582647,0.8238081209800167,0.8269368874142087,0.589151943431181,405,219,186,0.5407407407407407,0.5882352941176471,0.6880681818181817,0.3275862068965517,0.8636363636363636,0.8636363636363636,0.475,0.5125,0.9318181818181818,0.3275862068965517,0.3123642480862265,0.7562500000000001,0.4714232048622327,0.6941358997271612,102,22,80,0.21568627450980393
6,1,0.5920449445645014,0.6198810040950775,0.7382716049382716,0.7370045880515423,0.7276785714285714,0.7836538461538461,0.7836538461538461,0.7546296296296297,0.6903553299492385,0.7513812154696132,0.7276785714285714,0.47652779026173053,0.8015179617336978,0.7881931137847527,0.5920449445645014,405,208,197,0.5135802469135803,0.7352941176470589,0.7159090909090908,0.42857142857142855,0.6818181818181818,0.6818181818181818,0.5263157894736842,0.75,0.8955223880597015,0.42857142857142855,0.37409838630522024,0.7642045454545454,0.4849098354451509,0.6198810040950775,102,22,80,0.21568627450980393
7,1,0.5864785515210208,0.6477977289603307,0.7111111111111111,0.7077625570776256,0.7256637168141593,0.7488584474885844,0.7488584474885844,0.7370786516853932,0.6666666666666666,0.6927374301675978,0.7256637168141593,0.4169606508560282,0.7838169588059114,0.7973561980410959,0.5864785515210208,405,219,186,0.5407407407407407,0.6568627450980392,0.6988636363636364,0.3617021276595745,0.7727272727272727,0.7727272727272727,0.4927536231884058,0.625,0.9090909090909091,0.3617021276595745,0.3281794874459797,0.7778409090909091,0.5010957154973454,0.6477977289603307,102,22,80,0.21568627450980393
8,1,0.5470963178896436,0.5540980925926795,0.7728395061728395,0.770135049175515,0.7796610169491526,0.7225130890052356,0.7225130890052356,0.75,0.8177570093457944,0.7675438596491229,0.7796610169491526,0.5437264316712159,0.8331702304643538,0.8069316898946363,0.5470963178896436,405,191,214,0.47160493827160493,0.7843137254901961,0.6977272727272728,0.5,0.5454545454545454,0.5454545454545454,0.5217391304347826,0.85,0.8717948717948718,0.5,0.3834422668772602,0.7681818181818183,0.4898303734221195,0.5540980925926795,102,22,80,0.21568627450980393
9,1,0.5502871730748344,0.5637882466499622,0.7851851851851852,0.7806264671361502,0.8260869565217391,0.6927083333333334,0.6927083333333334,0.7535410764872521,0.8685446009389671,0.7581967213114754,0.8260869565217391,0.5726525374354882,0.8368300078247262,0.8113987876364798,0.5502871730748344,405,192,213,0.4740740740740741,0.7745098039215687,0.7244318181818181,0.4827586206896552,0.6363636363636364,0.6363636363636364,0.5490196078431373,0.8125,0.8904109589041096,0.4827586206896552,0.40927039286606925,0.7818181818181817,0.480530342795095,0.5637882466499622,102,22,80,0.21568627450980393
10,1,0.5406904813705706,0.5807820902420924,0.7753086419753087,0.7752141982864137,0.7952380952380952,0.7767441860465116,0.7767441860465116,0.7858823529411765,0.7736842105263158,0.7538461538461538,0.7952380952380952,0.5497559120253627,0.8348837209302326,0.8246923200522046,0.5406904813705706,405,215,190,0.5308641975308642,0.7450980392156863,0.7221590909090909,0.4411764705882353,0.6818181818181818,0.6818181818181818,0.5357142857142857,0.7625,0.8970588235294118,0.4411764705882353,0.38766492091636423,0.7948863636363637,0.4931648715236223,0.5807820902420924,102,22,80,0.21568627450980393
11,1,0.48998245918283273,0.5349818685880074,0.8222222222222222,0.8177517403667026,0.8452380952380952,0.7553191489361702,0.7553191489361702,0.797752808988764,0.880184331797235,0.8059071729957806,0.8452380952380952,0.6432768334284353,0.8905529953917051,0.8449495314993638,0.48998245918283273,405,188,217,0.4641975308641975,0.7843137254901961,0.7142045454545455,0.5,0.5909090909090909,0.5909090909090909,0.5416666666666666,0.8375,0.881578947368421,0.5,0.40431657145379674,0.7789772727272728,0.4834381702064877,0.5349818685880074,102,22,80,0.21568627450980393
12,1,0.5211467287119698,0.6039006308867381,0.762962962962963,0.765,0.8115942028985508,0.7466666666666667,0.7466666666666667,0.7777777777777778,0.7833333333333333,0.7121212121212122,0.8115942028985508,0.526848336772998,0.8430617283950617,0.8545881969341729,0.5211467287119698,405,225,180,0.5555555555555556,0.7058823529411765,0.7301136363636364,0.40476190476190477,0.7727272727272727,0.7727272727272727,0.53125,0.6875,0.9166666666666666,0.40476190476190477,0.384616945551278,0.7960227272727273,0.49079174704928463,0.6039006308867381,102,22,80,0.21568627450980393
13,1,0.5188057727965654,0.6026726628725345,0.7851851851851852,0.7847256127331315,0.7877358490566038,0.7990430622009569,0.7990430622009569,0.7933491686460807,0.7704081632653061,0.7823834196891192,0.7877358490566038,0.5697851492002768,0.8421540865149888,0.8417518892974698,0.5188057727965654,405,209,196,0.5160493827160494,0.7156862745098039,0.7363636363636363,0.4146341463414634,0.7727272727272727,0.7727272727272727,0.5396825396825397,0.7,0.9180327868852459,0.4146341463414634,0.3965611328292374,0.803409090909091,0.49675453227549726,0.6026726628725345,102,22,80,0.21568627450980393
14,1,0.4725187242615457,0.6041641155114541,0.8246913580246914,0.8227272727272728,0.8340807174887892,0.8454545454545455,0.8454545454545455,0.8397291196388262,0.8,0.8131868131868132,0.8340807174887892,0.6463604024069753,0.8915233415233416,0.8988124996739613,0.4725187242615457,405,220,185,0.5432098765432098,0.7156862745098039,0.7528409090909092,0.4186046511627907,0.8181818181818182,0.8181818181818182,0.5538461538461539,0.6875,0.9322033898305084,0.4186046511627907,0.4211855268195874,0.7948863636363637,0.48929928634588693,0.6041641155114541,102,22,80,0.21568627450980393
15,1,0.4976377601132673,0.5820891364262655,0.8,0.8001829268292683,0.8131313131313131,0.7853658536585366,0.7853658536585366,0.7990074441687345,0.815,0.7874396135265701,0.8131313131313131,0.6004683814035993,0.8557560975609756,0.8478689717680781,0.4976377601132673,405,205,200,0.5061728395061729,0.7450980392156863,0.7715909090909091,0.45,0.8181818181818182,0.8181818181818182,0.5806451612903226,0.725,0.9354838709677419,0.45,0.45758914968782144,0.80625,0.4971061624280725,0.5820891364262655,102,22,80,0.21568627450980393
16,1,0.45231566797284517,0.5350518043224628,0.8419753086419753,0.8399267399267399,0.8173913043478261,0.8952380952380953,0.8952380952380953,0.8545454545454545,0.7846153846153846,0.8742857142857143,0.8173913043478261,0.6857397670054528,0.9084249084249084,0.9058928986980487,0.45231566797284517,405,210,195,0.5185185185185185,0.7647058823529411,0.7511363636363637,0.47058823529411764,0.7272727272727273,0.7272727272727273,0.5714285714285714,0.775,0.9117647058823529,0.47058823529411764,0.4382299106011074,0.8073863636363636,0.4992942849005252,0.5350518043224628,102,22,80,0.21568627450980393
17,1,0.4865604107286416,0.5390208833492719,0.7901234567901234,0.7893645060523233,0.783410138248848,0.8173076923076923,0.8173076923076923,0.8,0.7614213197969543,0.7978723404255319,0.783410138248848,0.5800043401880405,0.8555007809449433,0.8326915660627462,0.4865604107286416,405,208,197,0.5135802469135803,0.7549019607843137,0.7448863636363636,0.45714285714285713,0.7272727272727273,0.7272727272727273,0.5614035087719298,0.7625,0.9104477611940298,0.45714285714285713,0.4243063276251314,0.8107954545454545,0.5016238344242296,0.5390208833492719,102,22,80,0.21568627450980393
18,1,0.473658415105413,0.5691062406851695,0.817283950617284,0.8158068783068783,0.8227272727272728,0.8379629629629629,0.8379629629629629,0.8302752293577982,0.7936507936507936,0.8108108108108109,0.8227272727272728,0.6325751883384052,0.8690966098373506,0.8528396103998305,0.473658415105413,405,216,189,0.5333333333333333,0.7450980392156863,0.7715909090909091,0.45,0.8181818181818182,0.8181818181818182,0.5806451612903226,0.725,0.9354838709677419,0.45,0.45758914968782144,0.8119318181818181,0.5060135070340706,0.5691062406851695,102,22,80,0.21568627450980393
19,1,0.4246579518212992,0.5453526618388983,0.8419753086419753,0.8412925469483568,0.8368421052631579,0.828125,0.828125,0.8324607329842932,0.8544600938967136,0.8465116279069768,0.8368421052631579,0.682969305401499,0.9149794600938967,0.8922078284143289,0.4246579518212992,405,192,213,0.4740740740740741,0.7352941176470589,0.7323863636363637,0.43243243243243246,0.7272727272727273,0.7272727272727273,0.5423728813559322,0.7375,0.9076923076923077,0.43243243243243246,0.3975936406441922,0.8090909090909091,0.5024339945790142,0.5453526618388983,102,22,80,0.21568627450980393
20,1,0.4375552130388279,0.5860816286160395,0.8419753086419753,0.8359456635318705,0.8493723849372385,0.8787878787878788,0.8787878787878788,0.8638297872340426,0.7931034482758621,0.8313253012048193,0.8493723849372385,0.6762801724664157,0.894412101308653,0.8978418445087768,0.4375552130388279,405,231,174,0.5703703703703704,0.7450980392156863,0.7715909090909091,0.45,0.8181818181818182,0.8181818181818182,0.5806451612903226,0.725,0.9354838709677419,0.45,0.45758914968782144,0.8056818181818182,0.4946658604910059,0.5860816286160395,102,22,80,0.21568627450980393
21,1,0.45459431994195076,0.5518056893577943,0.8197530864197531,0.8202541835390544,0.7971698113207547,0.8492462311557789,0.8492462311557789,0.8223844282238443,0.7912621359223301,0.844559585492228,0.7971698113207547,0.6411185912596072,0.8844708981802214,0.8536899574321491,0.45459431994195076,405,199,206,0.49135802469135803,0.7450980392156863,0.7551136363636364,0.4473684210526316,0.7727272727272727,0.7727272727272727,0.5666666666666667,0.7375,0.921875,0.4473684210526316,0.4340484577742124,0.8181818181818182,0.5156453923461908,0.5518056893577943,102,22,80,0.21568627450980393
1,2,0.6937330411929711,0.6466488746496347,0.5209876543209877,0.525670731707317,0.6122448979591837,0.14634146341463414,0.14634146341463414,0.23622047244094488,0.905,0.5084269662921348,0.6122448979591837,0.07871130861340553,0.5319756097560976,0.5659446090072462,0.6937330411929711,405,205,200,0.5061728395061729,0.7450980392156863,0.5079545454545454,0.25,0.09090909090909091,0.09090909090909091,0.13333333333333333,0.925,0.7872340425531915,0.25,0.02433844218292705,0.5829545454545455,0.284944747181372,0.6466488746496347,102,22,80,0.21568627450980393
2,2,0.6565661290112663,0.6497738269659189,0.6172839506172839,0.6278907055531006,0.7077922077922078,0.4977168949771689,0.4977168949771689,0.5844504021447721,0.7580645161290323,0.5617529880478087,0.7077922077922078,0.2625731337148886,0.7028772033190946,0.7185669478437511,0.6565661290112663,405,219,186,0.5407407407407407,0.6764705882352942,0.4642045454545455,0.13333333333333333,0.09090909090909091,0.09090909090909091,0.10810810810810811,0.8375,0.7701149425287356,0.13333333333333333,-0.08313979615881406,0.647159090909091,0.31774450456022146,0.6497738269659189,102,22,80,0.21568627450980393
3,2,0.6260468106643826,0.6499140950349661,0.6617283950617284,0.6717787662528106,0.8151260504201681,0.45754716981132076,0.45754716981132076,0.5861027190332326,0.8860103626943006,0.5979020979020979,0.8151260504201681,0.3766947457729713,0.7536660475119757,0.7636962608260546,0.6260468106643826,405,212,193,0.5234567901234568,0.6862745098039216,0.5198863636363636,0.25,0.22727272727272727,0.22727272727272727,0.23809523809523808,0.8125,0.7926829268292683,0.25,0.04120214081795097,0.6556818181818183,0.32201149081379316,0.6499140950349661,102,22,80,0.21568627450980393
4,2,0.6095343661658904,0.6456907804195697,0.6864197530864198,0.6900136665365092,0.7682119205298014,0.5576923076923077,0.5576923076923077,0.6462395543175488,0.8223350253807107,0.6377952755905512,0.7682119205298014,0.39280253556980954,0.7682301835220615,0.7646475278831175,0.6095343661658904,405,208,197,0.5135802469135803,0.7156862745098039,0.6210227272727272,0.37037037037037035,0.45454545454545453,0.45454545454545453,0.40816326530612246,0.7875,0.84,0.37037037037037035,0.22565281278812352,0.6823863636363636,0.35514138214163354,0.6456907804195697,102,22,80,0.21568627450980393
5,2,0.6143049916215971,0.6366729014194928,0.6839506172839506,0.6832748024582967,0.7212121212121212,0.5920398009950248,0.5920398009950248,0.6502732240437158,0.7745098039215687,0.6583333333333333,0.7212121212121212,0.37299093341732215,0.7528289922934348,0.741612167937306,0.6143049916215971,405,201,204,0.4962962962962963,0.7549019607843137,0.6625,0.44,0.5,0.5,0.46808510638297873,0.825,0.8571428571428571,0.44,0.31075943842694237,0.7227272727272728,0.40723454999509984,0.6366729014194928,102,22,80,0.21568627450980393
6,2,0.6028862106157284,0.5885465466059171,0.7061728395061728,0.6954100367197062,0.7795275590551181,0.5210526315789473,0.5210526315789473,0.6246056782334385,0.8697674418604651,0.6726618705035972,0.7795275590551181,0.42038637712069493,0.782594859241126,0.7282926244074559,0.6028862106157284,405,190,215,0.4691358024691358,0.7549019607843137,0.6295454545454545,0.42857142857142855,0.4090909090909091,0.4090909090909091,0.4186046511627907,0.85,0.8395061728395061,0.42857142857142855,0.26354595321588503,0.7397727272727272,0.4199097113893866,0.5885465466059171,102,22,80,0.21568627450980393
7,2,0.582131033726767,0.6001968819361466,0.7234567901234568,0.7279523134802365,0.803680981595092,0.6208530805687204,0.6208530805687204,0.7005347593582888,0.8350515463917526,0.6694214876033058,0.803680981595092,0.46442394935443865,0.7974788684223384,0.7901503441263239,0.582131033726767,405,211,194,0.5209876543209877,0.7549019607843137,0.6625,0.44,0.5,0.5,0.46808510638297873,0.825,0.8571428571428571,0.44,0.31075943842694237,0.7528409090909092,0.43770855685322996,0.6001968819361466,102,22,80,0.21568627450980393
8,2,0.5571679925801707,0.6078139646695211,0.7654320987654321,0.7687603749633825,0.8475609756097561,0.6650717703349283,0.6650717703349283,0.7453083109919572,0.8724489795918368,0.7095435684647303,0.8475609756097561,0.5472250472324219,0.8457426032614004,0.8237658657948513,0.5571679925801707,405,209,196,0.5160493827160494,0.7549019607843137,0.7284090909090909,0.45454545454545453,0.6818181818181818,0.6818181818181818,0.5454545454545454,0.775,0.8985507246376812,0.45454545454545453,0.4016226519774339,0.7585227272727273,0.47692697462852657,0.6078139646695211,102,22,80,0.21568627450980393
9,2,0.54131206110412,0.581430910871579,0.7555555555555555,0.7516497213803891,0.7865853658536586,0.6683937823834197,0.6683937823834197,0.7226890756302521,0.8349056603773585,0.7344398340248963,0.7865853658536586,0.51208563030337,0.8302620001955225,0.8178081154437309,0.54131206110412,405,193,212,0.4765432098765432,0.7549019607843137,0.6954545454545455,0.4482758620689655,0.5909090909090909,0.5909090909090909,0.5098039215686274,0.8,0.8767123287671232,0.4482758620689655,0.3564278864453869,0.7454545454545455,0.4456692845337105,0.581430910871579,102,22,80,0.21568627450980393
10,2,0.5331188852296156,0.5608504999142426,0.7506172839506173,0.7503658001268108,0.8136645962732919,0.6485148514851485,0.6485148514851485,0.721763085399449,0.8522167487684729,0.7090163934426229,0.8136645962732919,0.5115885929168053,0.838560210700873,0.8232185534731455,0.5331188852296156,405,202,203,0.49876543209876545,0.7941176470588235,0.7369318181818182,0.5185185185185185,0.6363636363636364,0.6363636363636364,0.5714285714285714,0.8375,0.8933333333333333,0.5185185185185185,0.4417709996837911,0.7625,0.4766083457660108,0.5608504999142426,102,22,80,0.21568627450980393
11,2,0.5412214287355834,0.5501375771485842,0.7308641975308642,0.7287192502928543,0.7619047619047619,0.649746192893401,0.649746192893401,0.7013698630136986,0.8076923076923077,0.7088607594936709,0.7619047619047619,0.4640541716609694,0.8214076532604452,0.8066524161448957,0.5412214287355834,405,197,208,0.48641975308641977,0.7843137254901961,0.7471590909090908,0.5,0.6818181818181818,0.6818181818181818,0.5769230769230769,0.8125,0.9027777777777778,0.5,0.44620665480008115,0.7852272727272727,0.5583333941216824,0.5501375771485842,102,22,80,0.21568627450980393
12,2,0.49020146169498857,0.5381759244662064,0.782716049382716,0.7816463414634146,0.8373493975903614,0.695,0.695,0.7595628415300546,0.8682926829268293,0.7447698744769874,0.8373493975903614,0.5726286113583828,0.8793414634146342,0.8684292553931177,0.49020146169498857,405,200,205,0.49382716049382713,0.7843137254901961,0.7306818181818182,0.5,0.6363636363636364,0.6363636363636364,0.56,0.825,0.8918918918918919,0.5,0.4252113219384784,0.7767045454545454,0.5427722005155987,0.5381759244662064,102,22,80,0.21568627450980393
13,2,0.5024380099539664,0.5600498421834066,0.7901234567901234,0.7951601825050287,0.8594594594594595,0.7293577981651376,0.7293577981651376,0.7890818858560794,0.8609625668449198,0.7318181818181818,0.8594594594594595,0.5907988092585352,0.8634155914242261,0.8665731738158182,0.5024380099539664,405,218,187,0.5382716049382716,0.7843137254901961,0.7636363636363637,0.5,0.7272727272727273,0.7272727272727273,0.5925925925925926,0.8,0.9142857142857143,0.5,0.4673773191347206,0.7863636363636364,0.5606896572416332,0.5600498421834066,102,22,80,0.21568627450980393
14,2,0.529858344618012,0.5973037699094186,0.7333333333333333,0.7354497354497355,0.7755102040816326,0.7037037037037037,0.7037037037037037,0.7378640776699029,0.7671957671957672,0.69377990430622,0.7755102040816326,0.47009410093958337,0.8265726043503823,0.8342065657922395,0.529858344618012,405,216,189,0.5333333333333333,0.696078431372549,0.7238636363636364,0.3953488372093023,0.7727272727272727,0.7727272727272727,0.5230769230769231,0.675,0.9152542372881356,0.3953488372093023,0.3729148259930729,0.7999999999999999,0.5893105108284913,0.5973037699094186,102,22,80,0.21568627450980393
15,2,0.5142200910577587,0.5250509725167201,0.7728395061728395,0.7729225661556489,0.76,0.7755102040816326,0.7755102040816326,0.7676767676767676,0.7703349282296651,0.7853658536585366,0.76,0.5456054403580556,0.8485987696514012,0.8083546898206557,0.5142200910577587,405,196,209,0.4839506172839506,0.7941176470588235,0.7698863636363636,0.5161290322580645,0.7272727272727273,0.7272727272727273,0.6037735849056604,0.8125,0.9154929577464789,0.5161290322580645,0.4826777172147418,0.8130681818181819,0.6019827678995974,0.5250509725167201,102,22,80,0.21568627450980393
16,2,0.49243392064875247,0.5383097437711862,0.8049382716049382,0.8050190225343868,0.8140703517587939,0.7941176470588235,0.7941176470588235,0.8039702233250621,0.8159203980099502,0.7961165048543689,0.8140703517587939,0.6101124463039204,0.8627694859038143,0.8308419853487362,0.49243392064875247,405,204,201,0.5037037037037037,0.7843137254901961,0.7801136363636363,0.5,0.7727272727272727,0.7727272727272727,0.6071428571428571,0.7875,0.9264705882352942,0.5,0.48879490028585054,0.8193181818181818,0.613186140157413,0.5383097437711862,102,22,80,0.21568627450980393
17,2,0.49018654431782516,0.5335566447331355,0.7654320987654321,0.7642947748450992,0.7988505747126436,0.6984924623115578,0.6984924623115578,0.7453083109919572,0.8300970873786407,0.7402597402597403,0.7988505747126436,0.5338240146570717,0.8614187442064692,0.8373148180196316,0.49018654431782516,405,199,206,0.49135802469135803,0.7941176470588235,0.7863636363636364,0.5151515151515151,0.7727272727272727,0.7727272727272727,0.6181818181818182,0.8,0.927536231884058,0.5151515151515151,0.5035269069567828,0.8153409090909092,0.599873885239667,0.5335566447331355,102,22,80,0.21568627450980393
18,2,0.46017561736060125,0.5365641988240756,0.8123456790123457,0.8127011998829382,0.8478260869565217,0.7647058823529411,0.7647058823529411,0.8041237113402062,0.8606965174129353,0.7828054298642534,0.8478260869565217,0.6280115158081956,0.8904741000877964,0.8886878802734731,0.46017561736060125,405,204,201,0.5037037037037037,0.7745098039215687,0.7738636363636364,0.4857142857142857,0.7727272727272727,0.7727272727272727,0.5964912280701754,0.775,0.9253731343283582,0.4857142857142857,0.4745142689450425,0.8039772727272727,0.5971032327205287,0.5365641988240756,102,22,80,0.21568627450980393
19,2,0.4816931467138085,0.5076179068822128,0.7876543209876543,0.7862895353377587,0.8100558659217877,0.7360406091370558,0.7360406091370558,0.7712765957446809,0.8365384615384616,0.7699115044247787,0.8100558659217877,0.5762613798747585,0.8736821554080437,0.8405928710278678,0.4816931467138085,405,197,208,0.48641975308641977,0.7941176470588235,0.7698863636363636,0.5161290322580645,0.7272727272727273,0.7272727272727273,0.6037735849056604,0.8125,0.9154929577464789,0.5161290322580645,0.4826777172147418,0.8147727272727273,0.5955402448148434,0.5076179068822128,102,22,80,0.21568627450980393
20,2,0.4588292879508991,0.5188393248961523,0.8123456790123457,0.8123170731707317,0.8146341463414634,0.8146341463414634,0.8146341463414634,0.8146341463414634,0.81,0.81,0.8146341463414634,0.6246341463414634,0.8888048780487805,0.8700927363139476,0.4588292879508991,405,205,200,0.5061728395061729,0.7647058823529411,0.7511363636363637,0.47058823529411764,0.7272727272727273,0.7272727272727273,0.5714285714285714,0.775,0.9117647058823529,0.47058823529411764,0.4382299106011074,0.8147727272727273,0.6175990911127164,0.5188393248961523,102,22,80,0.21568627450980393
21,2,0.48814261967644973,0.4797647543824636,0.8,0.800029264010145,0.7922705314009661,0.8118811881188119,0.8118811881188119,0.8019559902200489,0.7881773399014779,0.8080808080808081,0.7922705314009661,0.6002049158949323,0.8589718577769108,0.8018754252550978,0.48814261967644973,405,202,203,0.49876543209876545,0.7843137254901961,0.7306818181818182,0.5,0.6363636363636364,0.6363636363636364,0.56,0.825,0.8918918918918919,0.5,0.4252113219384784,0.8159090909090909,0.619362009231396,0.4797647543824636,102,22,80,0.21568627450980393
22,2,0.45021740025749396,0.5327324007566159,0.8049382716049382,0.8128363563882799,0.8844221105527639,0.7586206896551724,0.7586206896551724,0.8167053364269141,0.8670520231213873,0.7281553398058253,0.8844221105527639,0.6190904579716979,0.8895256129160852,0.9081000065525424,0.45021740025749396,405,232,173,0.5728395061728395,0.7549019607843137,0.7613636363636364,0.4594594594594595,0.7727272727272727,0.7727272727272727,0.576271186440678,0.75,0.9230769230769231,0.4594594594594595,0.44717133177586416,0.8164772727272727,0.614408235544146,0.5327324007566159,102,22,80,0.21568627450980393
23,2,0.4532467830999225,0.5300010087398382,0.8074074074074075,0.8076923076923077,0.8235294117647058,0.8,0.8,0.8115942028985508,0.8153846153846154,0.7910447761194029,0.8235294117647058,0.6149792681354183,0.8770695970695971,0.8773880501717928,0.4532467830999225,405,210,195,0.5185185185185185,0.7450980392156863,0.7551136363636364,0.4473684210526316,0.7727272727272727,0.7727272727272727,0.5666666666666667,0.7375,0.921875,0.4473684210526316,0.4340484577742124,0.8255681818181818,0.6353083034427015,0.5300010087398382,102,22,80,0.21568627450980393
24,2,0.4325571705897649,0.5017932229317151,0.817283950617284,0.817246256645369,0.826530612244898,0.801980198019802,0.801980198019802,0.8140703517587939,0.8325123152709359,0.8086124401913876,0.826530612244898,0.6348176995322751,0.8942106033263425,0.8724578805162635,0.4325571705897649,405,202,203,0.49876543209876545,0.7647058823529411,0.7346590909090909,0.46875,0.6818181818181818,0.6818181818181818,0.5555555555555556,0.7875,0.9,0.46875,0.41600610517810255,0.8204545454545454,0.6245099733209848,0.5017932229317151,102,22,80,0.21568627450980393
25,2,0.4377361523608367,0.48079970708260167,0.7950617283950617,0.7928571428571428,0.8218390804597702,0.7333333333333333,0.7333333333333333,0.7750677506775068,0.8523809523809524,0.7748917748917749,0.8218390804597702,0.5911969102641733,0.8886202686202685,0.868409717292645,0.4377361523608367,405,195,210,0.48148148148148145,0.7647058823529411,0.7181818181818183,0.4666666666666667,0.6363636363636364,0.6363636363636364,0.5384615384615384,0.8,0.8888888888888888,0.4666666666666667,0.3938927711338647,0.8261363636363637,0.6310814602437328,0.48079970708260167,102,22,80,0.21568627450980393
26,2,0.47083777170993535,0.46997525084477204,0.7876543209876543,0.7813267813267812,0.803680981595092,0.7081081081081081,0.7081081081081081,0.7528735632183908,0.8545454545454545,0.7768595041322314,0.803680981595092,0.5715270532171756,0.8585012285012285,0.8240261345977876,0.47083777170993535,405,185,220,0.4567901234567901,0.7745098039215687,0.7244318181818181,0.4827586206896552,0.6363636363636364,0.6363636363636364,0.5490196078431373,0.8125,0.8904109589041096,0.4827586206896552,0.40927039286606925,0.8295454545454546,0.642274100839596,0.46997525084477204,102,22,80,0.21568627450980393
27,2,0.4535793641618654,0.477837605545154,0.7901234567901234,0.7872226024049271,0.813953488372093,0.7253886010362695,0.7253886010362695,0.7671232876712328,0.8490566037735849,0.7725321888412017,0.813953488372093,0.5804342210490671,0.8724948675334832,0.8573674207071459,0.4535793641618654,405,193,212,0.4765432098765432,0.8137254901960784,0.7823863636363637,0.5517241379310345,0.7272727272727273,0.7272727272727273,0.6274509803921569,0.8375,0.9178082191780822,0.5517241379310345,0.514955405707434,0.8426136363636363,0.6630723464662676,0.477837605545154,102,22,80,0.21568627450980393
28,2,0.4517681318901333,0.4663325215761478,0.8,0.7975520195838434,0.8044692737430168,0.7578947368421053,0.7578947368421053,0.7804878048780488,0.8372093023255814,0.7964601769911505,0.8044692737430168,0.5980096515832519,0.8832313341493269,0.8524005619819841,0.4517681318901333,405,190,215,0.4691358024691358,0.7843137254901961,0.7306818181818182,0.5,0.6363636363636364,0.6363636363636364,0.56,0.825,0.8918918918918919,0.5,0.4252113219384784,0.8386363636363636,0.6570021066796403,0.4663325215761478,102,22,80,0.21568627450980393
29,2,0.418722525092901,0.46756251041705793,0.837037037037037,0.837881455399061,0.8620689655172413,0.8215962441314554,0.8215962441314554,0.8413461538461539,0.8541666666666666,0.8118811881188119,0.8620689655172413,0.674855923552532,0.8951242175273867,0.9033540658970268,0.418722525092901,405,213,192,0.5259259259259259,0.7843137254901961,0.7306818181818182,0.5,0.6363636363636364,0.6363636363636364,0.56,0.825,0.8918918918918919,0.5,0.4252113219384784,0.8375,0.6510883443996665,0.46756251041705793,102,22,80,0.21568627450980393
30,2,0.4285874814525539,0.4698714201266949,0.8074074074074075,0.8079710144927537,0.8307692307692308,0.782608695652174,0.782608695652174,0.8059701492537313,0.8333333333333334,0.7857142857142857,0.8307692307692308,0.6162127132565325,0.896696432928317,0.8959269408011601,0.4285874814525539,405,207,198,0.5111111111111111,0.7647058823529411,0.7181818181818183,0.4666666666666667,0.6363636363636364,0.6363636363636364,0.5384615384615384,0.8,0.8888888888888888,0.4666666666666667,0.3938927711338647,0.8295454545454546,0.6390260426237315,0.4698714201266949,102,22,80,0.21568627450980393
31,2,0.4358299782170969,0.46010334216631377,0.8098765432098766,0.8036051012306471,0.7964071856287425,0.7556818181818182,0.7556818181818182,0.7755102040816326,0.851528384279476,0.819327731092437,0.7964071856287425,0.6114577037250863,0.8885222310440651,0.8315288652744008,0.4358299782170969,405,176,229,0.4345679012345679,0.7843137254901961,0.7306818181818182,0.5,0.6363636363636364,0.6363636363636364,0.56,0.825,0.8918918918918919,0.5,0.4252113219384784,0.8329545454545455,0.6414778899822156,0.46010334216631377,102,22,80,0.21568627450980393
32,2,0.4127439904008426,0.4786572691339713,0.8320987654320988,0.8330019148622771,0.861244019138756,0.821917808219178,0.821917808219178,0.8411214953271028,0.8440860215053764,0.8010204081632653,0.861244019138756,0.6641314966732755,0.903274905484362,0.8871895812101487,0.4127439904008426,405,219,186,0.5407407407407407,0.7843137254901961,0.7471590909090908,0.5,0.6818181818181818,0.6818181818181818,0.5769230769230769,0.8125,0.9027777777777778,0.5,0.44620665480008115,0.8369318181818182,0.6492527131019199,0.4786572691339713,102,22,80,0.21568627450980393
33,2,0.43779951531220884,0.4971649239842708,0.8049382716049382,0.8062016458877446,0.8428571428571429,0.7937219730941704,0.7937219730941704,0.8175519630484989,0.8186813186813187,0.764102564102564,0.8428571428571429,0.6096754239078451,0.8832109594441433,0.8759048160159078,0.43779951531220884,405,223,182,0.5506172839506173,0.7745098039215687,0.7738636363636364,0.4857142857142857,0.7727272727272727,0.7727272727272727,0.5964912280701754,0.775,0.9253731343283582,0.4857142857142857,0.4745142689450425,0.8448863636363637,0.667913421692236,0.4971649239842708,102,22,80,0.21568627450980393
34,2,0.42259731143713,0.4779648740704243,0.8345679012345679,0.8345410628019324,0.8291457286432161,0.8333333333333334,0.8333333333333334,0.8312342569269522,0.8357487922705314,0.8398058252427184,0.8291457286432161,0.6690168365594467,0.8955984970477724,0.8910271137925273,0.42259731143713,405,198,207,0.4888888888888889,0.803921568627451,0.7761363636363636,0.5333333333333333,0.7272727272727273,0.7272727272727273,0.6153846153846154,0.825,0.9166666666666666,0.5333333333333333,0.49852053846629757,0.8465909090909091,0.6688941554204257,0.4779648740704243,102,22,80,0.21568627450980393
35,2,0.42245009446553156,0.4844512664354764,0.817283950617284,0.8175609756097562,0.8358974358974359,0.7951219512195122,0.7951219512195122,0.815,0.84,0.8,0.8358974358974359,0.6355095752722095,0.8966585365853658,0.883557015285532,0.42245009446553156,405,205,200,0.5061728395061729,0.803921568627451,0.7926136363636364,0.53125,0.7727272727272727,0.7727272727272727,0.6296296296296297,0.8125,0.9285714285714286,0.53125,0.5187485330913385,0.8465909090909092,0.6715169673910637,0.4844512664354764,102,22,80,0.21568627450980393
36,2,0.4178592096648964,0.49113240895363003,0.8271604938271605,0.8272691801199825,0.8594594594594595,0.7832512315270936,0.7832512315270936,0.8195876288659794,0.8712871287128713,0.8,0.8594594594594595,0.656994302288329,0.8959664439350339,0.9003732264781188,0.4178592096648964,405,203,202,0.5012345679012346,0.7941176470588235,0.7863636363636364,0.5151515151515151,0.7727272727272727,0.7727272727272727,0.6181818181818182,0.8,0.927536231884058,0.5151515151515151,0.5035269069567828,0.8482954545454545,0.6784032822549939,0.49113240895363003,102,22,80,0.21568627450980393
37,2,0.4446158565434755,0.4828243272808882,0.8222222222222222,0.8222455250451153,0.8155339805825242,0.8316831683168316,0.8316831683168316,0.8235294117647058,0.812807881773399,0.8291457286432161,0.8155339805825242,0.644585372755822,0.8909184021850461,0.8569726559662075,0.4446158565434755,405,202,203,0.49876543209876545,0.803921568627451,0.7926136363636364,0.53125,0.7727272727272727,0.7727272727272727,0.6296296296296297,0.8125,0.9285714285714286,0.53125,0.5187485330913385,0.8443181818181817,0.6739814869268115,0.4828243272808882,102,22,80,0.21568627450980393
38,2,0.4329432577771299,0.4673018707678868,0.7950617283950617,0.7913994672454616,0.7784090909090909,0.7569060773480663,0.7569060773480663,0.7675070028011205,0.8258928571428571,0.8078602620087336,0.7784090909090909,0.5845315681853216,0.888442186266772,0.839370408277007,0.4329432577771299,405,181,224,0.4469135802469136,0.803921568627451,0.7761363636363636,0.5333333333333333,0.7272727272727273,0.7272727272727273,0.6153846153846154,0.825,0.9166666666666666,0.5333333333333333,0.49852053846629757,0.8420454545454545,0.6654086252405655,0.4673018707678868,102,22,80,0.21568627450980393
39,2,0.3832079812738241,0.4767352955845686,0.8592592592592593,0.8601529291053891,0.885,0.8388625592417062,0.8388625592417062,0.8613138686131386,0.8814432989690721,0.8341463414634146,0.885,0.719725866331721,0.9234132994576636,0.9299125920983534,0.3832079812738241,405,211,194,0.5209876543209877,0.8137254901960784,0.7988636363636363,0.5483870967741935,0.7727272727272727,0.7727272727272727,0.6415094339622641,0.825,0.9295774647887324,0.5483870967741935,0.5345020615893772,0.8488636363636364,0.6803519620002212,0.4767352955845686,102,22,80,0.21568627450980393
40,2,0.39891432167268265,0.4745981292082713,0.8296296296296296,0.83003663003663,0.8472906403940886,0.819047619047619,0.819047619047619,0.8329297820823245,0.841025641025641,0.8118811881188119,0.8472906403940886,0.6596223903074866,0.90998778998779,0.8966413704098021,0.39891432167268265,405,210,195,0.5185185185185185,0.8137254901960784,0.7988636363636363,0.5483870967741935,0.7727272727272727,0.7727272727272727,0.6415094339622641,0.825,0.9295774647887324,0.5483870967741935,0.5345020615893772,0.8477272727272727,0.6812393760641415,0.4745981292082713,102,22,80,0.21568627450980393
41,2,0.4369656973171468,0.476240241756806,0.817283950617284,0.8185062078404537,0.8484848484848485,0.7924528301886793,0.7924528301886793,0.8195121951219512,0.844559585492228,0.7874396135265701,0.8484848484848485,0.6364682063830644,0.8904340600254179,0.8705205495268318,0.4369656973171468,405,212,193,0.5234567901234568,0.803921568627451,0.7926136363636364,0.53125,0.7727272727272727,0.7727272727272727,0.6296296296296297,0.8125,0.9285714285714286,0.53125,0.5187485330913385,0.8471590909090909,0.6809137213267222,0.476240241756806,102,22,80,0.21568627450980393
1,3,0.6880497289638893,0.6784363320240607,0.5566502463054187,0.5483368994359074,0.5571428571428572,0.7358490566037735,0.7358490566037735,0.6341463414634146,0.36082474226804123,0.5555555555555556,0.5571428571428572,0.10437903852009335,0.5666699085780976,0.5789820924380709,0.6880497289638893,406,212,194,0.5221674876847291,0.5544554455445545,0.6485119047619048,0.29310344827586204,0.8095238095238095,0.8095238095238095,0.43037974683544306,0.4875,0.9069767441860465,0.29310344827586204,0.24377977966864497,0.6714285714285715,0.4264578955571166,0.6784363320240607,101,21,80,0.2079207920792079
2,3,0.6627643038244808,0.657931761099742,0.6206896551724138,0.6220959871822882,0.6514285714285715,0.5507246376811594,0.5507246376811594,0.5968586387434555,0.6934673366834171,0.5974025974025974,0.6514285714285715,0.24650065801195822,0.6933702328065448,0.6613199240327601,0.6627643038244808,406,207,199,0.5098522167487685,0.6138613861386139,0.6333333333333333,0.30434782608695654,0.6666666666666666,0.6666666666666666,0.417910447761194,0.6,0.8727272727272727,0.30434782608695654,0.2173016943110687,0.7059523809523809,0.4878831272287885,0.657931761099742,101,21,80,0.2079207920792079
3,3,0.6412691509022432,0.6363493525064908,0.6748768472906403,0.6751118459443688,0.696078431372549,0.6698113207547169,0.6698113207547169,0.6826923076923077,0.6804123711340206,0.6534653465346535,0.696078431372549,0.3498835697419892,0.724542890488232,0.7351073960009795,0.6412691509022432,406,212,194,0.5221674876847291,0.693069306930693,0.6482142857142856,0.35294117647058826,0.5714285714285714,0.5714285714285714,0.43636363636363634,0.725,0.8656716417910447,0.35294117647058826,0.25456450147903537,0.7136904761904762,0.4749960347231751,0.6363493525064908,101,21,80,0.2079207920792079
4,3,0.6213930120655135,0.6469104496332315,0.7167487684729064,0.7193436960276338,0.7634408602150538,0.6666666666666666,0.6666666666666666,0.7117794486215538,0.772020725388601,0.6772727272727272,0.7634408602150538,0.4396993226493938,0.7740883991340096,0.7549755966799175,0.6213930120655135,406,213,193,0.5246305418719212,0.6732673267326733,0.6532738095238095,0.34210526315789475,0.6190476190476191,0.6190476190476191,0.4406779661016949,0.6875,0.873015873015873,0.34210526315789475,0.25679733663121806,0.7232142857142857,0.4790122368219414,0.6469104496332315,101,21,80,0.2079207920792079
5,3,0.5897065576385049,0.5782116812009078,0.7463054187192119,0.7443910256410255,0.7810650887573964,0.6666666666666666,0.6666666666666666,0.7193460490463215,0.8221153846153846,0.7215189873417721,0.7810650887573964,0.49563502263000564,0.8016462703962703,0.7992783649606552,0.5897065576385049,406,198,208,0.4876847290640394,0.7821782178217822,0.6869047619047619,0.4782608695652174,0.5238095238095238,0.5238095238095238,0.5,0.85,0.8717948717948718,0.4782608695652174,0.3617377088231261,0.718452380952381,0.4717341251132665,0.5782116812009078,101,21,80,0.2079207920792079
6,3,0.5887679296965692,0.5890924598161991,0.7044334975369458,0.699890630696318,0.7450980392156863,0.5846153846153846,0.5846153846153846,0.6551724137931034,0.8151658767772512,0.6798418972332015,0.7450980392156863,0.4121686836838079,0.8016769959897921,0.7690605841336666,0.5887679296965692,406,195,211,0.4802955665024631,0.7326732673267327,0.6556547619047619,0.39285714285714285,0.5238095238095238,0.5238095238095238,0.4489795918367347,0.7875,0.863013698630137,0.39285714285714285,0.28223222675688053,0.7452380952380953,0.5138227592686302,0.5890924598161991,101,21,80,0.2079207920792079
7,3,0.5487684072817073,0.5324889020277903,0.7758620689655172,0.7690228690228691,0.7901234567901234,0.6918918918918919,0.6918918918918919,0.7377521613832853,0.8461538461538461,0.7663934426229508,0.7901234567901234,0.5472033862099478,0.8508744038155804,0.8209904222661879,0.5487684072817073,406,185,221,0.45566502463054187,0.8118811881188119,0.6880952380952381,0.5555555555555556,0.47619047619047616,0.47619047619047616,0.5128205128205128,0.9,0.8674698795180723,0.5555555555555556,0.39892122011874903,0.7607142857142857,0.5258244237117085,0.5324889020277903,101,21,80,0.2079207920792079
8,3,0.5562630067853367,0.5960332797123835,0.7758620689655172,0.7753804307873263,0.8055555555555556,0.7802690582959642,0.7802690582959642,0.7927107061503417,0.7704918032786885,0.7421052631578947,0.8055555555555556,0.5492086528499888,0.8464799431497954,0.8451700210476204,0.5562630067853367,406,223,183,0.5492610837438424,0.7029702970297029,0.6369047619047619,0.3548387096774194,0.5238095238095238,0.5238095238095238,0.4230769230769231,0.75,0.8571428571428571,0.3548387096774194,0.24092026039222328,0.7523809523809524,0.520854568548877,0.5960332797123835,101,21,80,0.2079207920792079
9,3,0.5442447095525031,0.5353328287601471,0.7413793103448276,0.7356060606060606,0.7425149700598802,0.6666666666666666,0.6666666666666666,0.7025495750708215,0.8045454545454546,0.7405857740585774,0.7425149700598802,0.4771194047565165,0.837218963831867,0.7912741386360644,0.5442447095525031,406,186,220,0.458128078817734,0.7722772277227723,0.6806547619047619,0.4583333333333333,0.5238095238095238,0.5238095238095238,0.4888888888888889,0.8375,0.8701298701298701,0.4583333333333333,0.3444951140905206,0.7559523809523809,0.4999509133192544,0.5353328287601471,101,21,80,0.2079207920792079
10,3,0.5354744683878094,0.5350013971328735,0.7857142857142857,0.7846938775510204,0.7914438502673797,0.7551020408163265,0.7551020408163265,0.7728459530026109,0.8142857142857143,0.7808219178082192,0.7914438502673797,0.5708249477784852,0.8439261418853256,0.8086835661579627,0.5354744683878094,406,196,210,0.4827586206896552,0.7623762376237624,0.6568452380952381,0.43478260869565216,0.47619047619047616,0.47619047619047616,0.45454545454545453,0.8375,0.8589743589743589,0.43478260869565216,0.303560147372273,0.7404761904761905,0.4839334772097709,0.5350013971328735,101,21,80,0.2079207920792079
11,3,0.4996974780863407,0.5420836737522712,0.812807881773399,0.8131780123771387,0.8412698412698413,0.775609756097561,0.775609756097561,0.8071065989847716,0.8507462686567164,0.7880184331797235,0.8412698412698413,0.6278204377118572,0.8906443392792136,0.8548265712182621,0.4996974780863407,406,205,201,0.5049261083743842,0.7425742574257426,0.661904761904762,0.4074074074074074,0.5238095238095238,0.5238095238095238,0.4583333333333333,0.8,0.8648648648648649,0.4074074074074074,0.29692483027025796,0.7404761904761905,0.4768111515420966,0.5420836737522712,101,21,80,0.2079207920792079
12,3,0.48481640511868046,0.5282075760456232,0.7783251231527094,0.7692307692307692,0.7948717948717948,0.6813186813186813,0.6813186813186813,0.7337278106508875,0.8571428571428571,0.768,0.7948717948717948,0.5505313911333977,0.8779434850863422,0.8588134001759535,0.48481640511868046,406,182,224,0.4482758620689655,0.7227722772277227,0.5967261904761905,0.34782608695652173,0.38095238095238093,0.38095238095238093,0.36363636363636365,0.8125,0.8333333333333334,0.34782608695652173,0.18720502447056686,0.7327380952380952,0.4594032218890966,0.5282075760456232,101,21,80,0.2079207920792079
13,3,0.4910712115028325,0.5271651595830917,0.8152709359605911,0.808804430395256,0.8292682926829268,0.7431693989071039,0.7431693989071039,0.7838616714697406,0.874439461883408,0.8057851239669421,0.8292682926829268,0.6262704026203441,0.8788012448234458,0.829295983909222,0.4910712115028325,406,183,223,0.45073891625615764,0.7326732673267327,0.6205357142857143,0.375,0.42857142857142855,0.42857142857142855,0.4,0.8125,0.8441558441558441,0.375,0.22985258847884815,0.7291666666666667,0.45557071535860166,0.5271651595830917,101,21,80,0.2079207920792079
14,3,0.4661831264110172,0.5372488005803182,0.8374384236453202,0.8368897628237807,0.8518518518518519,0.8090452261306532,0.8090452261306532,0.8298969072164949,0.8647342995169082,0.8248847926267281,0.8518518518518519,0.675256466318613,0.901609496759158,0.8617447852792433,0.4661831264110172,406,199,207,0.49014778325123154,0.7029702970297029,0.619345238095238,0.3448275862068966,0.47619047619047616,0.47619047619047616,0.4,0.7625,0.8472222222222222,0.3448275862068966,0.21410385383321826,0.7351190476190476,0.4632515768355026,0.5372488005803182,101,21,80,0.2079207920792079
15,3,0.48712828287891313,0.5505764954365217,0.7906403940886699,0.7905563120015562,0.8038277511961722,0.7924528301886793,0.7924528301886793,0.7980997624703088,0.788659793814433,0.7766497461928934,0.8038277511961722,0.5807949738784932,0.8641558062633728,0.8597326011632982,0.48712828287891313,406,212,194,0.5221674876847291,0.6831683168316832,0.6244047619047619,0.3333333333333333,0.5238095238095238,0.5238095238095238,0.4074074074074074,0.725,0.8529411764705882,0.3333333333333333,0.21528323688147716,0.7345238095238096,0.46476317414311435,0.5505764954365217,101,21,80,0.2079207920792079
16,3,0.44535090701252805,0.5839190311156787,0.8152709359605911,0.8162524366471735,0.8439024390243902,0.8009259259259259,0.8009259259259259,0.8218527315914489,0.8315789473684211,0.7860696517412935,0.8439024390243902,0.6312372117110363,0.907261208576998,0.9052098481755269,0.44535090701252805,406,216,190,0.5320197044334976,0.693069306930693,0.6833333333333333,0.3684210526315789,0.6666666666666666,0.6666666666666666,0.4745762711864407,0.7,0.8888888888888888,0.3684210526315789,0.3071595327472434,0.7404761904761905,0.46432704372288974,0.5839190311156787,101,21,80,0.2079207920792079
17,3,0.4694667140058443,0.5671416693008863,0.7857142857142857,0.7856692149011042,0.785,0.7810945273631841,0.7810945273631841,0.7830423940149626,0.7902439024390244,0.7864077669902912,0.785,0.5713730973444753,0.8766897221211019,0.8540891276786716,0.4694667140058443,406,201,205,0.49507389162561577,0.693069306930693,0.6657738095238095,0.3611111111111111,0.6190476190476191,0.6190476190476191,0.45614035087719296,0.7125,0.8769230769230769,0.3611111111111111,0.2809264464137691,0.7357142857142857,0.4581290450915662,0.5671416693008863,101,21,80,0.2079207920792079
18,3,0.4337826023499171,0.5555411640268105,0.8349753694581281,0.8347409294988473,0.822429906542056,0.8585365853658536,0.8585365853658536,0.8400954653937948,0.8109452736318408,0.8489583333333334,0.822429906542056,0.6704343718373675,0.9063463171945153,0.8990971440523864,0.4337826023499171,406,205,201,0.5049261083743842,0.7029702970297029,0.6369047619047619,0.3548387096774194,0.5238095238095238,0.5238095238095238,0.4230769230769231,0.75,0.8571428571428571,0.3548387096774194,0.24092026039222328,0.7333333333333334,0.4574695738486127,0.5555411640268105,101,21,80,0.2079207920792079
19,3,0.43338234510784057,0.5153716831253126,0.8251231527093597,0.8251067753834207,0.8258706467661692,0.8217821782178217,0.8217821782178217,0.8238213399503722,0.8284313725490197,0.824390243902439,0.8258706467661692,0.6502372202869077,0.8989516598718695,0.8897825603638477,0.43338234510784057,406,202,204,0.4975369458128079,0.7128712871287128,0.6255952380952381,0.35714285714285715,0.47619047619047616,0.47619047619047616,0.40816326530612246,0.775,0.8493150684931506,0.35714285714285715,0.22772848889369712,0.744047619047619,0.47471389626686084,0.5153716831253126,101,21,80,0.2079207920792079
20,3,0.39304625462083254,0.5243717105342791,0.8472906403940886,0.8467199378233308,0.8534031413612565,0.8274111675126904,0.8274111675126904,0.8402061855670103,0.8660287081339713,0.8418604651162791,0.8534031413612565,0.6943511423029646,0.9250479683287591,0.9148963099935762,0.39304625462083254,406,197,209,0.4852216748768473,0.7128712871287128,0.6255952380952381,0.35714285714285715,0.47619047619047616,0.47619047619047616,0.40816326530612246,0.775,0.8493150684931506,0.35714285714285715,0.22772848889369712,0.7452380952380951,0.47860017445269737,0.5243717105342791,101,21,80,0.2079207920792079
21,3,0.3877905369097111,0.5269611328840256,0.8472906403940886,0.8473354688410017,0.855,0.8382352941176471,0.8382352941176471,0.8465346534653465,0.8564356435643564,0.8398058252427184,0.855,0.6947383781887089,0.9291885070860028,0.9237046535167883,0.3877905369097111,406,204,202,0.5024630541871922,0.7029702970297029,0.6369047619047619,0.3548387096774194,0.5238095238095238,0.5238095238095238,0.4230769230769231,0.75,0.8571428571428571,0.3548387096774194,0.24092026039222328,0.743452380952381,0.4649358728765834,0.5269611328840256,101,21,80,0.2079207920792079
22,3,0.41722827726135064,0.5490327139313405,0.8275862068965517,0.8269291529955037,0.827906976744186,0.8436018957345972,0.8436018957345972,0.8356807511737089,0.8102564102564103,0.8272251308900523,0.827906976744186,0.6544948969228419,0.9013002794993317,0.8971853447596219,0.41722827726135064,406,211,195,0.5197044334975369,0.6831683168316832,0.6419642857142858,0.34285714285714286,0.5714285714285714,0.5714285714285714,0.42857142857142855,0.7125,0.8636363636363636,0.34285714285714286,0.24213509928958613,0.7404761904761904,0.4697226744325224,0.5490327139313405,101,21,80,0.2079207920792079
23,3,0.4014541574699037,0.5263713363271493,0.8645320197044335,0.8645320197044335,0.8592233009708737,0.8719211822660099,0.8719211822660099,0.8655256723716381,0.8571428571428571,0.87,0.8592233009708737,0.729143665841577,0.9131500400397972,0.9042927561830078,0.4014541574699037,406,203,203,0.5,0.7029702970297029,0.6369047619047619,0.3548387096774194,0.5238095238095238,0.5238095238095238,0.4230769230769231,0.75,0.8571428571428571,0.3548387096774194,0.24092026039222328,0.7511904761904761,0.476541417100315,0.5263713363271493,101,21,80,0.2079207920792079
24,3,0.4043074722821806,0.5495284463350589,0.8349753694581281,0.8351272373067089,0.8523809523809524,0.8325581395348837,0.8325581395348837,0.8423529411764706,0.837696335078534,0.8163265306122449,0.8523809523809524,0.6694805319676341,0.9086326555460856,0.9105539957868569,0.4043074722821806,406,215,191,0.5295566502463054,0.6732673267326733,0.6005952380952381,0.3125,0.47619047619047616,0.47619047619047616,0.37735849056603776,0.725,0.8405797101449275,0.3125,0.1754941018358111,0.7398809523809523,0.46694628365301033,0.5495284463350589,101,21,80,0.2079207920792079
25,3,0.4321919465620144,0.5261095916995635,0.812807881773399,0.8135440947940948,0.7877358490566038,0.8434343434343434,0.8434343434343434,0.8146341463414634,0.7836538461538461,0.8402061855670103,0.7877358490566038,0.6275149668800309,0.8884275446775447,0.878310223045151,0.4321919465620144,406,198,208,0.4876847290640394,0.6831683168316832,0.5892857142857143,0.3103448275862069,0.42857142857142855,0.42857142857142855,0.36,0.75,0.8333333333333334,0.3103448275862069,0.16017744675801865,0.7410714285714286,0.46789582846954897,0.5261095916995635,101,21,80,0.2079207920792079
26,3,0.41370173346470385,0.539648368381537,0.8399014778325123,0.8399582605319356,0.8309178743961353,0.8514851485148515,0.8514851485148515,0.8410757946210269,0.8284313725490197,0.8492462311557789,0.8309178743961353,0.6800403020405313,0.9039021549213745,0.8654610924791737,0.41370173346470385,406,202,204,0.4975369458128079,0.6732673267326733,0.5654761904761905,0.2857142857142857,0.38095238095238093,0.38095238095238093,0.32653061224489793,0.75,0.821917808219178,0.2857142857142857,0.11872101316733025,0.7410714285714286,0.4686401889402197,0.539648368381537,101,21,80,0.2079207920792079
27,3,0.39197079654709965,0.5327845020936086,0.8399014778325123,0.8401736578207166,0.8125,0.8432432432432433,0.8432432432432433,0.8275862068965517,0.8371040723981901,0.8644859813084113,0.8125,0.6786645674484996,0.9138803962333375,0.8798702403907177,0.39197079654709965,406,185,221,0.45566502463054187,0.693069306930693,0.5779761904761904,0.3076923076923077,0.38095238095238093,0.38095238095238093,0.3404255319148936,0.775,0.8266666666666667,0.3076923076923077,0.14475359046877545,0.7410714285714285,0.489240067013706,0.5327845020936086,101,21,80,0.2079207920792079
28,3,0.39188170053210913,0.5494701501268607,0.8448275862068966,0.8445245551428642,0.8505154639175257,0.8291457286432161,0.8291457286432161,0.8396946564885496,0.8599033816425121,0.839622641509434,0.8505154639175257,0.6895933928908576,0.9190639186269511,0.8915024332729391,0.39188170053210913,406,199,207,0.49014778325123154,0.6633663366336634,0.5592261904761905,0.27586206896551724,0.38095238095238093,0.38095238095238093,0.32,0.7375,0.8194444444444444,0.27586206896551724,0.10625103968281904,0.744642857142857,0.4671876956793846,0.5494701501268607,101,21,80,0.2079207920792079
29,3,0.39358190235261825,0.5560080093833116,0.8497536945812808,0.848659844054581,0.8538812785388128,0.8657407407407407,0.8657407407407407,0.8597701149425288,0.8315789473684211,0.8449197860962567,0.8538812785388128,0.6980599834123691,0.9103557504873294,0.9015051523863657,0.39358190235261825,406,216,190,0.5320197044334976,0.6633663366336634,0.5767857142857142,0.2903225806451613,0.42857142857142855,0.42857142857142855,0.34615384615384615,0.725,0.8285714285714286,0.2903225806451613,0.13512484169824696,0.7470238095238094,0.4731955998127754,0.5560080093833116,101,21,80,0.2079207920792079
1,4,0.6977408417299682,0.6622889637947083,0.5147783251231527,0.5433422038241672,0.46779661016949153,0.7752808988764045,0.7752808988764045,0.5835095137420718,0.31140350877192985,0.6396396396396397,0.46779661016949153,0.09650413294083839,0.5361226098955253,0.49237340624060844,0.6977408417299682,406,178,228,0.43842364532019706,0.7029702970297029,0.6544642857142857,0.36363636363636365,0.5714285714285714,0.5714285714285714,0.4444444444444444,0.7375,0.8676470588235294,0.36363636363636365,0.26730143526671446,0.7398809523809524,0.48572969190620646,0.6622889637947083,101,21,80,0.2079207920792079
2,4,0.667365127918767,0.6655843762251047,0.6182266009852216,0.622527913595563,0.6705882352941176,0.5352112676056338,0.5352112676056338,0.5953002610966057,0.7098445595854922,0.5805084745762712,0.6705882352941176,0.2480578802260842,0.6597825293731301,0.6719818601629527,0.667365127918767,406,213,193,0.5246305418719212,0.7029702970297029,0.7598214285714285,0.4,0.8571428571428571,0.8571428571428571,0.5454545454545454,0.6625,0.9464285714285714,0.4,0.42428661616065766,0.7892857142857144,0.5138234683699181,0.6655843762251047,101,21,80,0.2079207920792079
3,4,0.6469557393415302,0.6326998357589428,0.6576354679802956,0.6576481441021533,0.6485148514851485,0.6582914572864321,0.6582914572864321,0.6533665835411472,0.6570048309178744,0.6666666666666666,0.6485148514851485,0.3152388979549725,0.7064792561843031,0.698394858860897,0.6469557393415302,406,199,207,0.49014778325123154,0.7425742574257426,0.661904761904762,0.4074074074074074,0.5238095238095238,0.5238095238095238,0.4583333333333333,0.8,0.8648648648648649,0.4074074074074074,0.29692483027025796,0.8,0.5446597521505459,0.6326998357589428,101,21,80,0.2079207920792079
4,4,0.6150359076027777,0.6209628742474776,0.6748768472906403,0.6690549632040415,0.768595041322314,0.4720812182741117,0.4720812182741117,0.5849056603773585,0.8660287081339713,0.6350877192982456,0.768595041322314,0.3694443780674287,0.756636630801739,0.7516158790308349,0.6150359076027777,406,197,209,0.4852216748768473,0.7623762376237624,0.7095238095238096,0.4482758620689655,0.6190476190476191,0.6190476190476191,0.52,0.8,0.8888888888888888,0.4482758620689655,0.37588307505881713,0.8238095238095238,0.5635282331157063,0.6209628742474776,101,21,80,0.2079207920792079
5,4,0.6076062292444939,0.598166184929701,0.7118226600985221,0.7118226600985222,0.7471264367816092,0.6403940886699507,0.6403940886699507,0.6896551724137931,0.7832512315270936,0.6853448275862069,0.7471264367816092,0.4280355443992053,0.7685214394913733,0.7634595378236633,0.6076062292444939,406,203,203,0.5,0.7722772277227723,0.7157738095238095,0.4642857142857143,0.6190476190476191,0.6190476190476191,0.5306122448979592,0.8125,0.8904109589041096,0.4642857142857143,0.3912397024832474,0.844047619047619,0.5923062731117037,0.598166184929701,101,21,80,0.2079207920792079
6,4,0.5870784290280997,0.5788910354559238,0.7241379310344828,0.7236743113699794,0.7431693989071039,0.6766169154228856,0.6766169154228856,0.7083333333333334,0.7707317073170732,0.7085201793721974,0.7431693989071039,0.4495138604639885,0.7906807426283218,0.7802465997920225,0.5870784290280997,406,201,205,0.49507389162561577,0.7920792079207921,0.7107142857142856,0.5,0.5714285714285714,0.5714285714285714,0.5333333333333333,0.85,0.8831168831168831,0.5,0.40181637689635674,0.8291666666666666,0.5782103731364643,0.5788910354559238,101,21,80,0.2079207920792079
7,4,0.5786505280172124,0.5351071586975684,0.7216748768472906,0.7164378894080996,0.7484276729559748,0.6197916666666666,0.6197916666666666,0.6780626780626781,0.8130841121495327,0.7044534412955465,0.7484276729559748,0.44276547408619776,0.7905957943925235,0.7771391639406049,0.5786505280172124,406,192,214,0.4729064039408867,0.8316831683168316,0.7357142857142858,0.6,0.5714285714285714,0.5714285714285714,0.5853658536585366,0.9,0.8888888888888888,0.6,0.48007935851918326,0.8613095238095237,0.6181544807164887,0.5351071586975684,101,21,80,0.2079207920792079
8,4,0.5727846204650169,0.5614346197018256,0.7389162561576355,0.7335878233806652,0.7933333333333333,0.6134020618556701,0.6134020618556701,0.6918604651162791,0.8537735849056604,0.70703125,0.7933333333333333,0.4834854163624934,0.8132902159113014,0.7723880362308562,0.5727846204650169,406,194,212,0.47783251231527096,0.7920792079207921,0.780952380952381,0.5,0.7619047619047619,0.7619047619047619,0.6037735849056604,0.8,0.927536231884058,0.5,0.490137373174573,0.8642857142857143,0.6200744872906765,0.5614346197018256,101,21,80,0.2079207920792079
9,4,0.5808539551262762,0.6024311735079839,0.7315270935960592,0.732233009708738,0.7621621621621621,0.6844660194174758,0.6844660194174758,0.7212276214833759,0.78,0.7058823529411765,0.7621621621621621,0.46625183414141147,0.7907281553398059,0.7696721521666722,0.5808539551262762,406,206,200,0.5073891625615764,0.7425742574257426,0.8199404761904762,0.4444444444444444,0.9523809523809523,0.9523809523809523,0.6060606060606061,0.6875,0.9821428571428571,0.4444444444444444,0.5224606098198247,0.8797619047619047,0.6380610181471891,0.6024311735079839,101,21,80,0.2079207920792079
10,4,0.5767704970112034,0.5373054628188794,0.7142857142857143,0.7109460611226105,0.7142857142857143,0.6544502617801047,0.6544502617801047,0.6830601092896175,0.7674418604651163,0.7142857142857143,0.7142857142857143,0.42521866084835236,0.7966151223669793,0.7442213286333842,0.5767704970112034,406,191,215,0.47044334975369456,0.7821782178217822,0.7571428571428571,0.4838709677419355,0.7142857142857143,0.7142857142857143,0.5769230769230769,0.8,0.9142857142857143,0.4838709677419355,0.4525110977801759,0.8779761904761905,0.6402979648352285,0.5373054628188794,101,21,80,0.2079207920792079
11,4,0.5477031361238629,0.5915410071611404,0.7561576354679803,0.7577864361378304,0.7929292929292929,0.7302325581395349,0.7302325581395349,0.7602905569007264,0.7853403141361257,0.7211538461538461,0.7929292929292929,0.5148274668329011,0.8322902715207599,0.842948479357033,0.5477031361238629,406,215,191,0.5295566502463054,0.7425742574257426,0.8199404761904762,0.4444444444444444,0.9523809523809523,0.9523809523809523,0.6060606060606061,0.6875,0.9821428571428571,0.4444444444444444,0.5224606098198247,0.881547619047619,0.6444670194532853,0.5915410071611404,101,21,80,0.2079207920792079
12,4,0.5162568146399423,0.49018909954107726,0.7758620689655172,0.775437696872024,0.75,0.7700534759358288,0.7700534759358288,0.7598944591029023,0.7808219178082192,0.7990654205607477,0.75,0.549969662565712,0.8590579444729324,0.8376249198842393,0.5162568146399423,406,187,219,0.4605911330049261,0.801980198019802,0.7520833333333333,0.5185185185185185,0.6666666666666666,0.6666666666666666,0.5833333333333334,0.8375,0.9054054054054054,0.5185185185185185,0.46230759418917,0.8827380952380952,0.6514206406051948,0.49018909954107726,101,21,80,0.2079207920792079
13,4,0.5358859059565207,0.5038111049395341,0.7315270935960592,0.7258558646177786,0.7891156462585034,0.5979381443298969,0.5979381443298969,0.6803519061583577,0.8537735849056604,0.6988416988416989,0.7891156462585034,0.4694848838337651,0.826760357907022,0.811269732568963,0.5358859059565207,406,194,212,0.47783251231527096,0.7920792079207921,0.7985119047619047,0.5,0.8095238095238095,0.8095238095238095,0.6181818181818182,0.7875,0.9402985074626866,0.5,0.5127072188423142,0.8875,0.665634108723606,0.5038111049395341,101,21,80,0.2079207920792079
14,4,0.5347620789326873,0.4994221616249818,0.7487684729064039,0.7485640576323987,0.7295918367346939,0.7447916666666666,0.7447916666666666,0.7371134020618557,0.7523364485981309,0.7666666666666667,0.7295918367346939,0.4966931190182198,0.8321651090342679,0.8026377747490565,0.5347620789326873,406,192,214,0.4729064039408867,0.7821782178217822,0.7922619047619048,0.4857142857142857,0.8095238095238095,0.8095238095238095,0.6071428571428571,0.775,0.9393939393939394,0.4857142857142857,0.49848357966954626,0.8875,0.6840440049069147,0.4994221616249818,101,21,80,0.2079207920792079
15,4,0.5180346869370517,0.5109666769321148,0.770935960591133,0.7704526149739109,0.7967032967032966,0.7213930348258707,0.7213930348258707,0.7571801566579635,0.8195121951219512,0.75,0.7967032967032966,0.5437965358629355,0.8512801844436355,0.8098875610323126,0.5180346869370517,406,201,205,0.49507389162561577,0.7623762376237624,0.8148809523809524,0.4634146341463415,0.9047619047619048,0.9047619047619048,0.6129032258064516,0.725,0.9666666666666667,0.4634146341463415,0.5204313779956756,0.8851190476190476,0.6871497972221672,0.5109666769321148,101,21,80,0.2079207920792079
16,4,0.49190133532472685,0.44800788106826633,0.770935960591133,0.7679435236341314,0.7444444444444445,0.7403314917127072,0.7403314917127072,0.7423822714681441,0.7955555555555556,0.7920353982300885,0.7444444444444445,0.5361833630483116,0.8630570902394107,0.8396174372320686,0.49190133532472685,406,181,225,0.4458128078817734,0.8118811881188119,0.7758928571428572,0.5357142857142857,0.7142857142857143,0.7142857142857143,0.6122448979591837,0.8375,0.9178082191780822,0.5357142857142857,0.5002471782096143,0.8886904761904761,0.6967887437577736,0.44800788106826633,101,21,80,0.2079207920792079
17,4,0.5115427182001226,0.508510791338407,0.7512315270935961,0.7504550418638515,0.7941176470588235,0.6716417910447762,0.6716417910447762,0.7277628032345014,0.8292682926829268,0.7203389830508474,0.7941176470588235,0.507638171991141,0.849484285887635,0.8361660827367319,0.5115427182001226,406,201,205,0.49507389162561577,0.7425742574257426,0.7848214285714286,0.43902439024390244,0.8571428571428571,0.8571428571428571,0.5806451612903226,0.7125,0.95,0.43902439024390244,0.47074936554051183,0.8916666666666666,0.716259415971487,0.508510791338407,101,21,80,0.2079207920792079
18,4,0.4805997653919108,0.5286365988162848,0.8004926108374384,0.7995035046728972,0.8064516129032258,0.8177570093457944,0.8177570093457944,0.8120649651972158,0.78125,0.7936507936507936,0.8064516129032258,0.5995544577860606,0.8795755451713395,0.884640970818582,0.4805997653919108,406,214,192,0.5270935960591133,0.7524752475247525,0.8086309523809524,0.4523809523809524,0.9047619047619048,0.9047619047619048,0.6031746031746031,0.7125,0.9661016949152542,0.4523809523809524,0.5082454092068721,0.888095238095238,0.7123801125643343,0.5286365988162848,101,21,80,0.2079207920792079
19,4,0.49666254748316374,0.48190005582112533,0.7758620689655172,0.7763605442176871,0.7560975609756098,0.7908163265306123,0.7908163265306123,0.773067331670823,0.7619047619047619,0.7960199004975125,0.7560975609756098,0.55241919250656,0.8560009718172983,0.8328959050599547,0.49666254748316374,406,196,210,0.4827586206896552,0.7722772277227723,0.7860119047619047,0.4722222222222222,0.8095238095238095,0.8095238095238095,0.5964912280701754,0.7625,0.9384615384615385,0.4722222222222222,0.4846863824122659,0.8898809523809524,0.7184399866735376,0.48190005582112533,101,21,80,0.2079207920792079
20,4,0.47068285722942915,0.4725761344799629,0.812807881773399,0.8131798756798757,0.83,0.7980769230769231,0.7980769230769231,0.8137254901960784,0.8282828282828283,0.7961165048543689,0.83,0.626238116296684,0.8852466977466977,0.8705439048193472,0.47068285722942915,406,208,198,0.5123152709359606,0.7722772277227723,0.7860119047619047,0.4722222222222222,0.8095238095238095,0.8095238095238095,0.5964912280701754,0.7625,0.9384615384615385,0.4722222222222222,0.4846863824122659,0.8916666666666667,0.7191210457000157,0.4725761344799629,101,21,80,0.2079207920792079
21,4,0.4673182571343347,0.47510624906191457,0.8054187192118226,0.8049970862470862,0.8028169014084507,0.8221153846153846,0.8221153846153846,0.8123515439429929,0.7878787878787878,0.8082901554404145,0.8028169014084507,0.6105503611069875,0.8845182595182595,0.8846530453732521,0.4673182571343347,406,208,198,0.5123152709359606,0.7722772277227723,0.7860119047619047,0.4722222222222222,0.8095238095238095,0.8095238095238095,0.5964912280701754,0.7625,0.9384615384615385,0.4722222222222222,0.4846863824122659,0.8892857142857143,0.7099402324594977,0.47510624906191457,101,21,80,0.2079207920792079
22,4,0.4714479252111678,0.4946199861856607,0.7955665024630542,0.795784263526199,0.819047619047619,0.7926267281105991,0.7926267281105991,0.8056206088992974,0.798941798941799,0.7704081632653061,0.819047619047619,0.5905112098050096,0.8714310096798575,0.8653631923777818,0.4714479252111678,406,217,189,0.5344827586206896,0.7524752475247525,0.7910714285714285,0.45,0.8571428571428571,0.8571428571428571,0.5901639344262295,0.725,0.9508196721311475,0.45,0.48304690158771274,0.8898809523809524,0.7209252461230828,0.4946199861856607,101,21,80,0.2079207920792079
23,4,0.4558595046401024,0.4562591193960263,0.7906403940886699,0.7909825099126712,0.77,0.7979274611398963,0.7979274611398963,0.7837150127226463,0.784037558685446,0.8106796116504854,0.77,0.5813219604542279,0.8898781288768882,0.8608087621124852,0.4558595046401024,406,193,213,0.4753694581280788,0.7821782178217822,0.7922619047619048,0.4857142857142857,0.8095238095238095,0.8095238095238095,0.6071428571428571,0.775,0.9393939393939394,0.4857142857142857,0.49848357966954626,0.8904761904761904,0.7147660372336753,0.4562591193960263,101,21,80,0.2079207920792079
24,4,0.4806403009330525,0.4490299838093611,0.7733990147783252,0.7672287390029326,0.7865853658536586,0.6935483870967742,0.6935483870967742,0.7371428571428571,0.8409090909090909,0.7644628099173554,0.7865853658536586,0.542689430781832,0.8594086021505376,0.8334117927580822,0.4806403009330525,406,186,220,0.458128078817734,0.7722772277227723,0.7860119047619047,0.4722222222222222,0.8095238095238095,0.8095238095238095,0.5964912280701754,0.7625,0.9384615384615385,0.4722222222222222,0.4846863824122659,0.888095238095238,0.7137889329147542,0.4490299838093611,101,21,80,0.2079207920792079
25,4,0.47041239706324595,0.450720672424023,0.7906403940886699,0.7887755102040817,0.8135593220338984,0.7346938775510204,0.7346938775510204,0.7721179624664879,0.8428571428571429,0.7729257641921398,0.8135593220338984,0.5820009106556603,0.8708940719144801,0.8635984299450254,0.47041239706324595,406,196,210,0.4827586206896552,0.7920792079207921,0.7985119047619047,0.5,0.8095238095238095,0.8095238095238095,0.6181818181818182,0.7875,0.9402985074626866,0.5,0.5127072188423142,0.8869047619047619,0.7031174574929224,0.450720672424023,101,21,80,0.2079207920792079
26,4,0.41138718613222536,0.4375017743844252,0.8374384236453202,0.83398399375366,0.8505747126436781,0.7872340425531915,0.7872340425531915,0.8176795580110497,0.8807339449541285,0.8275862068965517,0.8505747126436781,0.6730451579436559,0.919358774155768,0.916689772405335,0.41138718613222536,406,188,218,0.4630541871921182,0.8118811881188119,0.8110119047619048,0.53125,0.8095238095238095,0.8095238095238095,0.6415094339622641,0.8125,0.9420289855072463,0.53125,0.5425779183977,0.8886904761904761,0.7074701243878143,0.4375017743844252,101,21,80,0.2079207920792079
27,4,0.4366794083924854,0.45277681144384235,0.8325123152709359,0.8325545171339563,0.8476190476190476,0.8317757009345794,0.8317757009345794,0.839622641509434,0.8333333333333334,0.8163265306122449,0.8476190476190476,0.6645270516268437,0.9017718068535826,0.8918458525569161,0.4366794083924854,406,214,192,0.5270935960591133,0.7722772277227723,0.7860119047619047,0.4722222222222222,0.8095238095238095,0.8095238095238095,0.5964912280701754,0.7625,0.9384615384615385,0.4722222222222222,0.4846863824122659,0.888095238095238,0.7081226260481548,0.45277681144384235,101,21,80,0.2079207920792079
28,4,0.43961961910712954,0.47549400879786563,0.8078817733990148,0.8044477028347996,0.808695652173913,0.8454545454545455,0.8454545454545455,0.8266666666666667,0.7634408602150538,0.8068181818181818,0.808695652173913,0.6121956759434576,0.8924975562072336,0.9100036153987495,0.43961961910712954,406,220,186,0.541871921182266,0.7722772277227723,0.8035714285714286,0.47368421052631576,0.8571428571428571,0.8571428571428571,0.6101694915254238,0.75,0.9523809523809523,0.47368421052631576,0.5086083172113446,0.8821428571428571,0.7051127479491406,0.47549400879786563,101,21,80,0.2079207920792079
29,4,0.4480853044227058,0.4468090459704399,0.8152709359605911,0.8152669902912622,0.8109452736318408,0.815,0.815,0.8129675810473815,0.8155339805825242,0.8195121951219512,0.8109452736318408,0.6304957235075516,0.8926699029126214,0.8727892310356363,0.4480853044227058,406,200,206,0.49261083743842365,0.7623762376237624,0.7797619047619048,0.4594594594594595,0.8095238095238095,0.8095238095238095,0.5862068965517241,0.75,0.9375,0.4594594594594595,0.47128363963039177,0.8863095238095238,0.7118712476500046,0.4468090459704399,101,21,80,0.2079207920792079
30,4,0.45790811423577515,0.4592357243482883,0.7733990147783252,0.773131067961165,0.7783505154639175,0.755,0.755,0.766497461928934,0.7912621359223301,0.7688679245283019,0.7783505154639175,0.5467400788731654,0.8783495145631068,0.8682657412327327,0.45790811423577515,406,200,206,0.49261083743842365,0.7722772277227723,0.8035714285714286,0.47368421052631576,0.8571428571428571,0.8571428571428571,0.6101694915254238,0.75,0.9523809523809523,0.47368421052631576,0.5086083172113446,0.8851190476190476,0.7140048413258808,0.4592357243482883,101,21,80,0.2079207920792079
31,4,0.42144536847869557,0.43817130533548504,0.854679802955665,0.8544777025222732,0.8571428571428571,0.8442211055276382,0.8442211055276382,0.850632911392405,0.8647342995169082,0.8523809523809524,0.8571428571428571,0.7092395503422676,0.9112227805695142,0.9022904691696038,0.42144536847869557,406,199,207,0.49014778325123154,0.7722772277227723,0.7860119047619047,0.4722222222222222,0.8095238095238095,0.8095238095238095,0.5964912280701754,0.7625,0.9384615384615385,0.4722222222222222,0.4846863824122659,0.8839285714285714,0.7079019522089329,0.43817130533548504,101,21,80,0.2079207920792079
32,4,0.4464140269978374,0.4699388306874495,0.8152709359605911,0.8175492234315764,0.8578431372549019,0.7918552036199095,0.7918552036199095,0.8235294117647058,0.8432432432432433,0.7722772277227723,0.8578431372549019,0.6326045092584813,0.8927968692674575,0.8878947678788502,0.4464140269978374,406,221,185,0.5443349753694581,0.7623762376237624,0.7973214285714285,0.46153846153846156,0.8571428571428571,0.8571428571428571,0.6,0.7375,0.9516129032258065,0.46153846153846156,0.4956586607494063,0.8833333333333333,0.7143960928746169,0.4699388306874495,101,21,80,0.2079207920792079
33,4,0.4367607815885076,0.42943561936800295,0.8275862068965517,0.8304015106340688,0.7684210526315789,0.8488372093023255,0.8488372093023255,0.8066298342541437,0.811965811965812,0.8796296296296297,0.7684210526315789,0.6543957890856912,0.9010882528324389,0.8416882603144065,0.4367607815885076,406,172,234,0.4236453201970443,0.7920792079207921,0.7985119047619047,0.5,0.8095238095238095,0.8095238095238095,0.6181818181818182,0.7875,0.9402985074626866,0.5,0.5127072188423142,0.8851190476190477,0.7192577983307127,0.42943561936800295,101,21,80,0.2079207920792079
34,4,0.41689352808045405,0.4172335301454251,0.8325123152709359,0.8322172166078169,0.8186528497409327,0.8272251308900523,0.8272251308900523,0.8229166666666666,0.8372093023255814,0.8450704225352113,0.8186528497409327,0.6640787575482484,0.9101424570802388,0.8876934707391043,0.41689352808045405,406,191,215,0.47044334975369456,0.8217821782178217,0.8172619047619047,0.5483870967741935,0.8095238095238095,0.8095238095238095,0.6538461538461539,0.825,0.9428571428571428,0.5483870967741935,0.5583065164741522,0.8839285714285714,0.7115060341022053,0.4172335301454251,101,21,80,0.2079207920792079
35,4,0.4617891565841787,0.4228740477791199,0.7906403940886699,0.7905563120015562,0.7766497461928934,0.788659793814433,0.788659793814433,0.782608695652174,0.7924528301886793,0.8038277511961722,0.7766497461928934,0.5807949738784932,0.8712069636257538,0.8339500740113888,0.4617891565841787,406,194,212,0.47783251231527096,0.801980198019802,0.8047619047619048,0.5151515151515151,0.8095238095238095,0.8095238095238095,0.6296296296296297,0.8,0.9411764705882353,0.5151515151515151,0.5273924271929009,0.8857142857142857,0.7187723480351857,0.4228740477791199,101,21,80,0.2079207920792079
36,4,0.39596747745778044,0.42974903090642047,0.8448275862068966,0.8446116504854368,0.8512820512820513,0.83,0.83,0.8405063291139241,0.8592233009708737,0.8388625592417062,0.8512820512820513,0.6896838019066724,0.9215291262135923,0.9207752433620571,0.39596747745778044,406,200,206,0.49261083743842365,0.7920792079207921,0.7985119047619047,0.5,0.8095238095238095,0.8095238095238095,0.6181818181818182,0.7875,0.9402985074626866,0.5,0.5127072188423142,0.8851190476190476,0.7183988653087618,0.42974903090642047,101,21,80,0.2079207920792079
37,4,0.42575299082433476,0.4388496818450781,0.8300492610837439,0.8315745963820269,0.8666666666666667,0.7971698113207547,0.7971698113207547,0.8304668304668305,0.865979381443299,0.7962085308056872,0.8666666666666667,0.6630121809643501,0.9006759385333593,0.9048336528477026,0.42575299082433476,406,212,194,0.5221674876847291,0.7920792079207921,0.7985119047619047,0.5,0.8095238095238095,0.8095238095238095,0.6181818181818182,0.7875,0.9402985074626866,0.5,0.5127072188423142,0.8833333333333333,0.7113881977938927,0.4388496818450781,101,21,80,0.2079207920792079
38,4,0.44762878879612567,0.43121299606103164,0.8103448275862069,0.810290404040404,0.8040201005025126,0.8080808080808081,0.8080808080808081,0.8060453400503779,0.8125,0.8164251207729468,0.8040201005025126,0.6205130109747904,0.8890588578088577,0.8794052225960458,0.44762878879612567,406,198,208,0.4876847290640394,0.801980198019802,0.8047619047619048,0.5151515151515151,0.8095238095238095,0.8095238095238095,0.6296296296296297,0.8,0.9411764705882353,0.5151515151515151,0.5273924271929009,0.881547619047619,0.7135143372827164,0.43121299606103164,101,21,80,0.2079207920792079
39,4,0.44769424214666964,0.43791071669413495,0.7832512315270936,0.782148407148407,0.8021978021978022,0.7373737373737373,0.7373737373737373,0.7684210526315789,0.8269230769230769,0.7678571428571429,0.8021978021978022,0.5671685723562714,0.880584693084693,0.8681790171005548,0.44769424214666964,406,198,208,0.4876847290640394,0.7920792079207921,0.7985119047619047,0.5,0.8095238095238095,0.8095238095238095,0.6181818181818182,0.7875,0.9402985074626866,0.5,0.5127072188423142,0.8827380952380952,0.7126862103650937,0.43791071669413495,101,21,80,0.2079207920792079
40,4,0.4069121433969806,0.43031501368834424,0.8201970443349754,0.8184217567929164,0.8296703296703297,0.7823834196891192,0.7823834196891192,0.8053333333333333,0.8544600938967136,0.8125,0.8296703296703297,0.6395013753447488,0.9183633754165754,0.9052353303133018,0.4069121433969806,406,193,213,0.4753694581280788,0.801980198019802,0.8047619047619048,0.5151515151515151,0.8095238095238095,0.8095238095238095,0.6296296296296297,0.8,0.9411764705882353,0.5151515151515151,0.5273924271929009,0.8821428571428571,0.7136287001274595,0.43031501368834424,101,21,80,0.2079207920792079
41,4,0.4304145955133672,0.42867956539759267,0.7931034482758621,0.7926136363636364,0.7897196261682243,0.8125,0.8125,0.8009478672985783,0.7727272727272727,0.796875,0.7897196261682243,0.5859105505697128,0.894303613053613,0.9069953782478914,0.4304145955133672,406,208,198,0.5123152709359606,0.801980198019802,0.8047619047619048,0.5151515151515151,0.8095238095238095,0.8095238095238095,0.6296296296296297,0.8,0.9411764705882353,0.5151515151515151,0.5273924271929009,0.8809523809523809,0.7106795013112344,0.42867956539759267,101,21,80,0.2079207920792079
42,4,0.40673446450747697,0.43257153836580425,0.8152709359605911,0.8155582524271845,0.8324873096446701,0.7961165048543689,0.7961165048543689,0.8138957816377171,0.835,0.7990430622009569,0.8324873096446701,0.6313234044359453,0.9096116504854368,0.912262467314366,0.40673446450747697,406,206,200,0.5073891625615764,0.801980198019802,0.8047619047619048,0.5151515151515151,0.8095238095238095,0.8095238095238095,0.6296296296296297,0.8,0.9411764705882353,0.5151515151515151,0.5273924271929009,0.881547619047619,0.7132959324990944,0.43257153836580425,101,21,80,0.2079207920792079
43,4,0.44405823829127294,0.4344371396761674,0.8251231527093597,0.825006675891535,0.8232323232323232,0.8190954773869347,0.8190954773869347,0.8211586901763224,0.8309178743961353,0.8269230769230769,0.8232323232323232,0.6500843720894041,0.8887189571043623,0.8685538899021438,0.44405823829127294,406,199,207,0.49014778325123154,0.7920792079207921,0.7985119047619047,0.5,0.8095238095238095,0.8095238095238095,0.6181818181818182,0.7875,0.9402985074626866,0.5,0.5127072188423142,0.881547619047619,0.7101880293758642,0.4344371396761674,101,21,80,0.2079207920792079
44,4,0.4083568886945061,0.430905744433403,0.8497536945812808,0.849665164982345,0.8350515463917526,0.8481675392670157,0.8481675392670157,0.8415584415584415,0.8511627906976744,0.8632075471698113,0.8350515463917526,0.6987945064904659,0.9121879946426396,0.8876045734274104,0.4083568886945061,406,191,215,0.47044334975369456,0.801980198019802,0.8047619047619048,0.5151515151515151,0.8095238095238095,0.8095238095238095,0.6296296296296297,0.8,0.9411764705882353,0.5151515151515151,0.5273924271929009,0.8809523809523809,0.7091562833441183,0.430905744433403,101,21,80,0.2079207920792079
1,5,0.6700924594028324,0.608865886926651,0.6280788177339901,0.6167331258510017,0.7216494845360825,0.36082474226804123,0.36082474226804123,0.48109965635738833,0.8726415094339622,0.598705501618123,0.7216494845360825,0.2734814030815799,0.674285158529469,0.6624018299734624,0.6700924594028324,406,194,212,0.47783251231527096,0.7821782178217822,0.5991071428571428,0.46153846153846156,0.2857142857142857,0.2857142857142857,0.35294117647058826,0.9125,0.8295454545454546,0.46153846153846156,0.24020197857114026,0.7011904761904761,0.44312662477388415,0.608865886926651,101,21,80,0.2079207920792079
2,5,0.6553122798601786,0.6078751064263858,0.6354679802955665,0.6330542409901712,0.7572815533980582,0.3880597014925373,0.3880597014925373,0.5131578947368421,0.8780487804878049,0.594059405940594,0.7572815533980582,0.3057692092855752,0.6955223880597015,0.7179636165161365,0.6553122798601786,406,201,205,0.49507389162561577,0.7821782178217822,0.6166666666666667,0.4666666666666667,0.3333333333333333,0.3333333333333333,0.3888888888888889,0.9,0.8372093023255814,0.4666666666666667,0.26627878767347934,0.7434523809523809,0.4824460778275802,0.6078751064263858,101,21,80,0.2079207920792079
3,5,0.6415867960336161,0.599874769265835,0.625615763546798,0.6219746073361979,0.6850393700787402,0.4371859296482412,0.4371859296482412,0.5337423312883436,0.8067632850241546,0.5985663082437276,0.6850393700787402,0.26303114359976104,0.7153642609181172,0.7072432174756934,0.6415867960336161,406,199,207,0.49014778325123154,0.7920792079207921,0.6404761904761904,0.5,0.38095238095238093,0.38095238095238093,0.43243243243243246,0.9,0.8470588235294118,0.5,0.31226111317472827,0.7559523809523809,0.4931000532678964,0.599874769265835,101,21,80,0.2079207920792079
4,5,0.6400664901616526,0.6690438022980323,0.6477832512315271,0.6531368472544943,0.7119565217391305,0.5927601809954751,0.5927601809954751,0.6469135802469136,0.7135135135135136,0.5945945945945946,0.7119565217391305,0.30641237402458915,0.7119726060902531,0.7389786873452842,0.6400664901616526,406,221,185,0.5443349753694581,0.6831683168316832,0.7473214285714285,0.3829787234042553,0.8571428571428571,0.8571428571428571,0.5294117647058824,0.6375,0.9444444444444444,0.3829787234042553,0.4024394752499388,0.8029761904761905,0.5190612085987617,0.6690438022980323,101,21,80,0.2079207920792079
5,5,0.6043381021887648,0.6076951943911039,0.7536945812807881,0.7529906632950788,0.7616822429906542,0.7688679245283019,0.7688679245283019,0.7652582159624414,0.7371134020618557,0.7447916666666666,0.7616822429906542,0.5062275582104503,0.8088406924722816,0.7957579096538675,0.6043381021887648,406,212,194,0.5221674876847291,0.7920792079207921,0.7107142857142856,0.5,0.5714285714285714,0.5714285714285714,0.5333333333333333,0.85,0.8831168831168831,0.5,0.40181637689635674,0.7874999999999999,0.5187323949163111,0.6076951943911039,101,21,80,0.2079207920792079
6,5,0.5989086803267983,0.5748382990176861,0.7339901477832512,0.7308542957832058,0.7604790419161677,0.6512820512820513,0.6512820512820513,0.7016574585635359,0.8104265402843602,0.7154811715481172,0.7604790419161677,0.46878024681106556,0.80364564345607,0.7476281960942089,0.5989086803267983,406,195,211,0.4802955665024631,0.8118811881188119,0.7232142857142857,0.5454545454545454,0.5714285714285714,0.5714285714285714,0.5581395348837209,0.875,0.8860759493670886,0.5454545454545454,0.4389163272550779,0.7738095238095237,0.5197838690621125,0.5748382990176861,101,21,80,0.2079207920792079
7,5,0.5763772477706274,0.5470266170226611,0.7487684729064039,0.7468222141207923,0.7597765363128491,0.6974358974358974,0.6974358974358974,0.7272727272727273,0.7962085308056872,0.7400881057268722,0.7597765363128491,0.4967447990848849,0.82187386073642,0.7884673850309215,0.5763772477706274,406,195,211,0.4802955665024631,0.801980198019802,0.681845238095238,0.5263157894736842,0.47619047619047616,0.47619047619047616,0.5,0.8875,0.8658536585365854,0.5263157894736842,0.37766161215327554,0.775595238095238,0.5111051683918673,0.5470266170226611,101,21,80,0.2079207920792079
8,5,0.5642363014174443,0.5556730410227408,0.7266009852216748,0.7284013605442177,0.7675675675675676,0.6761904761904762,0.6761904761904762,0.7189873417721518,0.7806122448979592,0.6923076923076923,0.7675675675675676,0.4583364158260503,0.830636540330418,0.8041466367310243,0.5642363014174443,406,210,196,0.5172413793103449,0.8217821782178217,0.7294642857142857,0.5714285714285714,0.5714285714285714,0.5714285714285714,0.5714285714285714,0.8875,0.8875,0.5714285714285714,0.4589285714285714,0.7761904761904761,0.50961442157176,0.5556730410227408,101,21,80,0.2079207920792079
9,5,0.550636079381494,0.5130072545546752,0.7783251231527094,0.7767006802721088,0.7944444444444444,0.7295918367346939,0.7295918367346939,0.7606382978723404,0.8238095238095238,0.7654867256637168,0.7944444444444444,0.5566566907430218,0.8405247813411079,0.7818007164697676,0.550636079381494,406,196,210,0.4827586206896552,0.8118811881188119,0.6880952380952381,0.5555555555555556,0.47619047619047616,0.47619047619047616,0.5128205128205128,0.9,0.8674698795180723,0.5555555555555556,0.39892122011874903,0.7738095238095237,0.5175063035886147,0.5130072545546752,101,21,80,0.2079207920792079
10,5,0.5380256690231024,0.5470000390823071,0.770935960591133,0.771250729430072,0.7902439024390244,0.7641509433962265,0.7641509433962265,0.7769784172661871,0.7783505154639175,0.7512437810945274,0.7902439024390244,0.541994334169419,0.8444611943201712,0.8405486421464722,0.5380256690231024,406,212,194,0.5221674876847291,0.8316831683168316,0.7883928571428571,0.5769230769230769,0.7142857142857143,0.7142857142857143,0.6382978723404256,0.8625,0.92,0.5769230769230769,0.5353672868864252,0.7934523809523809,0.5314436840205066,0.5470000390823071,101,21,80,0.2079207920792079
11,5,0.5094804658609278,0.5112534280006702,0.8275862068965517,0.8273250309518607,0.8307692307692308,0.8140703517587939,0.8140703517587939,0.8223350253807107,0.8405797101449275,0.8246445497630331,0.8307692307692308,0.6550318099130749,0.8792998810477507,0.8472354383247221,0.5094804658609278,406,199,207,0.49014778325123154,0.801980198019802,0.6994047619047619,0.5238095238095238,0.5238095238095238,0.5238095238095238,0.5238095238095238,0.875,0.875,0.5238095238095238,0.39880952380952384,0.7874999999999999,0.5256714188262552,0.5112534280006702,101,21,80,0.2079207920792079
12,5,0.4883239000451331,0.482174189044879,0.8054187192118226,0.8045928156801787,0.8138297872340425,0.7766497461928934,0.7766497461928934,0.7948051948051948,0.8325358851674641,0.7981651376146789,0.8138297872340425,0.6105886624261074,0.887936268914094,0.8509919697761633,0.4883239000451331,406,197,209,0.4852216748768473,0.801980198019802,0.6642857142857143,0.5294117647058824,0.42857142857142855,0.42857142857142855,0.47368421052631576,0.9,0.8571428571428571,0.5294117647058824,0.35638575213064944,0.7863095238095238,0.5285933226073826,0.482174189044879,101,21,80,0.2079207920792079
13,5,0.49816501535036983,0.4780594717997771,0.7684729064039408,0.7646814641174029,0.7657142857142857,0.7165775401069518,0.7165775401069518,0.7403314917127072,0.8127853881278538,0.7705627705627706,0.7657142857142857,0.5328087770072526,0.8500476155592998,0.8290971770198459,0.49816501535036983,406,187,219,0.4605911330049261,0.8118811881188119,0.6880952380952381,0.5555555555555556,0.47619047619047616,0.47619047619047616,0.5128205128205128,0.9,0.8674698795180723,0.5555555555555556,0.39892122011874903,0.8,0.5318933444003113,0.4780594717997771,101,21,80,0.2079207920792079
14,5,0.5116752327657214,0.4768153543655689,0.7783251231527094,0.7707613516626235,0.7888198757763976,0.6939890710382514,0.6939890710382514,0.7383720930232558,0.8475336322869955,0.7714285714285715,0.7888198757763976,0.5508060036566474,0.8497635325540935,0.7824234337747507,0.5116752327657214,406,183,223,0.45073891625615764,0.801980198019802,0.6642857142857143,0.5294117647058824,0.42857142857142855,0.42857142857142855,0.47368421052631576,0.9,0.8571428571428571,0.5294117647058824,0.35638575213064944,0.8077380952380953,0.5350591133557833,0.4768153543655689,101,21,80,0.2079207920792079
15,5,0.4973217113053097,0.48989301117566914,0.7857142857142857,0.7858668219763152,0.806282722513089,0.7549019607843137,0.7549019607843137,0.779746835443038,0.8168316831683168,0.7674418604651163,0.806282722513089,0.5727282483441276,0.859784507862551,0.8376248802407935,0.4973217113053097,406,204,202,0.5024630541871922,0.8217821782178217,0.7470238095238095,0.5652173913043478,0.6190476190476191,0.6190476190476191,0.5909090909090909,0.875,0.8974358974358975,0.5652173913043478,0.47809283172483225,0.8125,0.538631070516647,0.48989301117566914,101,21,80,0.2079207920792079
16,5,0.48861052826339124,0.4832354772549409,0.770935960591133,0.7707984366275824,0.7740384615384616,0.7777777777777778,0.7777777777777778,0.7759036144578313,0.7638190954773869,0.7676767676767676,0.7740384615384616,0.5416560480024875,0.8599276576117302,0.8549830938493265,0.48861052826339124,406,207,199,0.5098522167487685,0.8217821782178217,0.7470238095238095,0.5652173913043478,0.6190476190476191,0.6190476190476191,0.5909090909090909,0.875,0.8974358974358975,0.5652173913043478,0.47809283172483225,0.8184523809523809,0.5506838322340115,0.4832354772549409,101,21,80,0.2079207920792079
17,5,0.4628085169722052,0.46717900840135723,0.8054187192118226,0.8032256489146095,0.7967032967032966,0.7754010695187166,0.7754010695187166,0.7859078590785907,0.8310502283105022,0.8125,0.7967032967032966,0.6078257397704979,0.8775181305398871,0.8337629433761169,0.4628085169722052,406,187,219,0.4605911330049261,0.8316831683168316,0.7532738095238095,0.5909090909090909,0.6190476190476191,0.6190476190476191,0.6046511627906976,0.8875,0.8987341772151899,0.5909090909090909,0.4980237259920951,0.8226190476190476,0.5582538693928902,0.46717900840135723,101,21,80,0.2079207920792079
18,5,0.47051912356241077,0.4693658730158439,0.8004926108374384,0.8003665671351929,0.797979797979798,0.7939698492462312,0.7939698492462312,0.7959697732997482,0.8067632850241546,0.8028846153846154,0.797979797979798,0.6007987702317147,0.87628966086471,0.8376081747552754,0.47051912356241077,406,199,207,0.49014778325123154,0.8415841584158416,0.7770833333333333,0.6086956521739131,0.6666666666666666,0.6666666666666666,0.6363636363636364,0.8875,0.9102564102564102,0.6086956521739131,0.5362703931756854,0.8208333333333333,0.5595760531305043,0.4693658730158439,101,21,80,0.2079207920792079
19,5,0.47060836866205813,0.4729363855261069,0.7783251231527094,0.7784006795291833,0.7707317073170732,0.7860696517412935,0.7860696517412935,0.7783251231527094,0.7707317073170732,0.7860696517412935,0.7707317073170732,0.5568013590583667,0.8674675403470452,0.8549846684243749,0.47060836866205813,406,201,205,0.49507389162561577,0.8415841584158416,0.7770833333333333,0.6086956521739131,0.6666666666666666,0.6666666666666666,0.6363636363636364,0.8875,0.9102564102564102,0.6086956521739131,0.5362703931756854,0.8166666666666667,0.5597381974617359,0.4729363855261069,101,21,80,0.2079207920792079
20,5,0.48266813188206914,0.4595223092115842,0.7955665024630542,0.7955665024630542,0.7727272727272727,0.8374384236453202,0.8374384236453202,0.8037825059101655,0.7536945812807881,0.8225806451612904,0.7727272727272727,0.5932167886681657,0.8584047174160984,0.8375725339210888,0.48266813188206914,406,203,203,0.5,0.8415841584158416,0.7770833333333333,0.6086956521739131,0.6666666666666666,0.6666666666666666,0.6363636363636364,0.8875,0.9102564102564102,0.6086956521739131,0.5362703931756854,0.8142857142857143,0.562312099775713,0.4595223092115842,101,21,80,0.2079207920792079
21,5,0.4332311489418441,0.4795313374354289,0.8423645320197044,0.8417378189690822,0.8465116279069768,0.8544600938967136,0.8544600938967136,0.8504672897196262,0.8290155440414507,0.837696335078534,0.8465116279069768,0.683841702431121,0.9014814274246515,0.8868295856185375,0.4332311489418441,406,213,193,0.5246305418719212,0.8316831683168316,0.7708333333333333,0.5833333333333334,0.6666666666666666,0.6666666666666666,0.6222222222222222,0.875,0.9090909090909091,0.5833333333333334,0.5164589025080292,0.8113095238095238,0.562650918430158,0.4795313374354289,101,21,80,0.2079207920792079
22,5,0.4741912444724756,0.45148373624453175,0.8029556650246306,0.8040357099180628,0.766497461928934,0.8162162162162162,0.8162162162162162,0.7905759162303665,0.7918552036199095,0.8373205741626795,0.766497461928934,0.6059409959137015,0.8704903999021646,0.7990029224326091,0.4741912444724756,406,185,221,0.45566502463054187,0.8415841584158416,0.7595238095238095,0.6190476190476191,0.6190476190476191,0.6190476190476191,0.6190476190476191,0.9,0.9,0.6190476190476191,0.5190476190476191,0.806547619047619,0.5618097101021831,0.45148373624453175,101,21,80,0.2079207920792079
23,5,0.4626120338399036,0.4615222949248094,0.8103448275862069,0.8072429906542056,0.7939914163090128,0.8644859813084113,0.8644859813084113,0.8277404921700223,0.75,0.8323699421965318,0.7939914163090128,0.6203952562962979,0.8712519470404985,0.8493691843339125,0.4626120338399036,406,214,192,0.5270935960591133,0.8316831683168316,0.7708333333333333,0.5833333333333334,0.6666666666666666,0.6666666666666666,0.6222222222222222,0.875,0.9090909090909091,0.5833333333333334,0.5164589025080292,0.8136904761904762,0.5795381036453373,0.4615222949248094,101,21,80,0.2079207920792079
24,5,0.42181361693085406,0.4409521376857391,0.8497536945812808,0.8482040667234871,0.8532608695652174,0.8219895287958116,0.8219895287958116,0.8373333333333334,0.8744186046511628,0.8468468468468469,0.8532608695652174,0.6982554747356796,0.8956045294046024,0.8913089836161757,0.42181361693085406,406,191,215,0.47044334975369456,0.8415841584158416,0.7419642857142856,0.631578947368421,0.5714285714285714,0.5714285714285714,0.6,0.9125,0.8902439024390244,0.631578947368421,0.5025186426851277,0.8119047619047618,0.5714491528383143,0.4409521376857391,101,21,80,0.2079207920792079
25,5,0.44392634504566003,0.4537489918562082,0.8029556650246306,0.8030582524271845,0.8118811881188119,0.7961165048543689,0.7961165048543689,0.803921568627451,0.81,0.7941176470588235,0.8118811881188119,0.6060576671602194,0.8859951456310681,0.8710459109772521,0.44392634504566003,406,206,200,0.5073891625615764,0.8514851485148515,0.7833333333333333,0.6363636363636364,0.6666666666666666,0.6666666666666666,0.6511627906976745,0.9,0.9113924050632911,0.6363636363636364,0.5571311247291122,0.813095238095238,0.5703009715000451,0.4537489918562082,101,21,80,0.2079207920792079
26,5,0.4539564559418781,0.45189259487849015,0.8054187192118226,0.8057255244755245,0.7902439024390244,0.8181818181818182,0.8181818181818182,0.8039702233250621,0.7932692307692307,0.8208955223880597,0.7902439024390244,0.611295217031723,0.8791763791763793,0.8503822654987356,0.4539564559418781,406,198,208,0.4876847290640394,0.8316831683168316,0.7708333333333333,0.5833333333333334,0.6666666666666666,0.6666666666666666,0.6222222222222222,0.875,0.9090909090909091,0.5833333333333334,0.5164589025080292,0.8184523809523809,0.5803809803371367,0.45189259487849015,101,21,80,0.2079207920792079
27,5,0.41173141683433573,0.4609550592991022,0.8399014778325123,0.8387053451517593,0.85,0.8538812785388128,0.8538812785388128,0.8519362186788155,0.8235294117647058,0.8279569892473119,0.85,0.6776837847271519,0.9042316802187873,0.9043846924157924,0.41173141683433573,406,219,187,0.5394088669950738,0.8316831683168316,0.7883928571428571,0.5769230769230769,0.7142857142857143,0.7142857142857143,0.6382978723404256,0.8625,0.92,0.5769230769230769,0.5353672868864252,0.8220238095238095,0.5823451294993081,0.4609550592991022,101,21,80,0.2079207920792079
28,5,0.4297885000705719,0.4473840886583695,0.8325123152709359,0.832838941840109,0.815,0.8402061855670103,0.8402061855670103,0.8274111675126904,0.8254716981132075,0.8495145631067961,0.815,0.6650959690477883,0.8924333787200934,0.8761916984310244,0.4297885000705719,406,194,212,0.47783251231527096,0.8415841584158416,0.7770833333333333,0.6086956521739131,0.6666666666666666,0.6666666666666666,0.6363636363636364,0.8875,0.9102564102564102,0.6086956521739131,0.5362703931756854,0.8220238095238095,0.5818955242480883,0.4473840886583695,101,21,80,0.2079207920792079
29,5,0.4605815187096596,0.4354483215854718,0.8004926108374384,0.801394281249237,0.7676767676767676,0.8128342245989305,0.8128342245989305,0.7896103896103897,0.7899543378995434,0.8317307692307693,0.7676767676767676,0.6010956725208102,0.8684101286841014,0.8307309540882319,0.4605815187096596,406,187,219,0.4605911330049261,0.8514851485148515,0.7833333333333333,0.6363636363636364,0.6666666666666666,0.6666666666666666,0.6511627906976745,0.9,0.9113924050632911,0.6363636363636364,0.5571311247291122,0.8214285714285714,0.5810981426155082,0.4354483215854718,101,21,80,0.2079207920792079
30,5,0.4300687852881703,0.42451818688557696,0.812807881773399,0.8137869075369075,0.7824074074074074,0.8535353535353535,0.8535353535353535,0.8164251207729468,0.7740384615384616,0.8473684210526315,0.7824074074074074,0.6286738576622534,0.8943521756021756,0.8632821363756947,0.4300687852881703,406,198,208,0.4876847290640394,0.8514851485148515,0.7657738095238096,0.65,0.6190476190476191,0.6190476190476191,0.6341463414634146,0.9125,0.9012345679012346,0.65,0.5413015999465034,0.819047619047619,0.5797428136055891,0.42451818688557696,101,21,80,0.2079207920792079
31,5,0.395897203800725,0.4325370886004888,0.8201970443349754,0.8202380952380952,0.8090452261306532,0.8214285714285714,0.8214285714285714,0.8151898734177215,0.819047619047619,0.8309178743961353,0.8090452261306532,0.640219594100906,0.9103984450923226,0.9131272495604514,0.395897203800725,406,196,210,0.4827586206896552,0.8514851485148515,0.7833333333333333,0.6363636363636364,0.6666666666666666,0.6666666666666666,0.6511627906976745,0.9,0.9113924050632911,0.6363636363636364,0.5571311247291122,0.8244047619047619,0.5824198679067603,0.4325370886004888,101,21,80,0.2079207920792079
32,5,0.40850894825131284,0.42404757096217227,0.8349753694581281,0.8348639455782313,0.8274111675126904,0.8316326530612245,0.8316326530612245,0.8295165394402035,0.8380952380952381,0.8421052631578947,0.8274111675126904,0.6696221525663656,0.9095238095238095,0.8645644707363441,0.40850894825131284,406,196,210,0.4827586206896552,0.8415841584158416,0.7595238095238095,0.6190476190476191,0.6190476190476191,0.6190476190476191,0.6190476190476191,0.9,0.9,0.6190476190476191,0.5190476190476191,0.8214285714285714,0.5809267780355645,0.42404757096217227,101,21,80,0.2079207920792079
33,5,0.39905371297808256,0.4305674983904912,0.8251231527093597,0.8250485436893203,0.8241206030150754,0.82,0.82,0.8220551378446115,0.8300970873786407,0.8260869565217391,0.8241206030150754,0.6501523211113357,0.9103398058252428,0.9048398471102835,0.39905371297808256,406,200,206,0.49261083743842365,0.8415841584158416,0.7595238095238095,0.6190476190476191,0.6190476190476191,0.6190476190476191,0.6190476190476191,0.9,0.9,0.6190476190476191,0.5190476190476191,0.825,0.5821548275560406,0.4305674983904912,101,21,80,0.2079207920792079
34,5,0.42049432005368026,0.42997034180622834,0.8275862068965517,0.8276790914385557,0.8142857142857143,0.8465346534653465,0.8465346534653465,0.8300970873786407,0.8088235294117647,0.8418367346938775,0.8142857142857143,0.6557402045842129,0.8980295088332363,0.8813389755399474,0.42049432005368026,406,202,204,0.4975369458128079,0.8415841584158416,0.7595238095238095,0.6190476190476191,0.6190476190476191,0.6190476190476191,0.6190476190476191,0.9,0.9,0.6190476190476191,0.5190476190476191,0.8279761904761904,0.5832968258158335,0.42997034180622834,101,21,80,0.2079207920792079
35,5,0.43043708567525824,0.42982475001078385,0.7980295566502463,0.7980099502487563,0.7960199004975125,0.7960199004975125,0.7960199004975125,0.7960199004975125,0.8,0.8,0.7960199004975125,0.5960199004975124,0.8887999029244024,0.8756845209875015,0.43043708567525824,406,201,205,0.49507389162561577,0.8514851485148515,0.7833333333333333,0.6363636363636364,0.6666666666666666,0.6666666666666666,0.6511627906976745,0.9,0.9113924050632911,0.6363636363636364,0.5571311247291122,0.8267857142857143,0.5829993395745721,0.42982475001078385,101,21,80,0.2079207920792079
36,5,0.40621694009385856,0.4420968953233499,0.8374384236453202,0.836150177326648,0.8506787330316742,0.8506787330316742,0.8506787330316742,0.8506787330316742,0.8216216216216217,0.8216216216216217,0.8506787330316742,0.6723003546532959,0.9058334352451999,0.9162227384212908,0.40621694009385856,406,221,185,0.5443349753694581,0.8217821782178217,0.7645833333333334,0.56,0.6666666666666666,0.6666666666666666,0.6086956521739131,0.8625,0.9078947368421053,0.56,0.49758848283055557,0.8279761904761904,0.5847753414364114,0.4420968953233499,101,21,80,0.2079207920792079
37,5,0.44102590553024235,0.4377715020225598,0.8054187192118226,0.8043013625434143,0.7927927927927928,0.8421052631578947,0.8421052631578947,0.8167053364269141,0.766497461928934,0.8206521739130435,0.7927927927927928,0.6110190491531101,0.8849731620236563,0.8535776194046756,0.44102590553024235,406,209,197,0.5147783251231527,0.8217821782178217,0.7645833333333334,0.56,0.6666666666666666,0.6666666666666666,0.6086956521739131,0.8625,0.9078947368421053,0.56,0.49758848283055557,0.8285714285714285,0.5851397729232919,0.4377715020225598,101,21,80,0.2079207920792079
38,5,0.40508464022594337,0.4459875856454556,0.8325123152709359,0.8296052631578947,0.8217391304347826,0.875,0.875,0.8475336322869955,0.7842105263157895,0.8465909090909091,0.8217391304347826,0.6637546211578369,0.9048245614035086,0.8957233780789168,0.40508464022594337,406,216,190,0.5320197044334976,0.8118811881188119,0.7583333333333333,0.5384615384615384,0.6666666666666666,0.6666666666666666,0.5957446808510638,0.85,0.9066666666666666,0.5384615384615384,0.4795653302553324,0.8327380952380952,0.5928485968994277,0.4459875856454556,101,21,80,0.2079207920792079
39,5,0.4108378138466209,0.4453543464724834,0.8349753694581281,0.8327903131686443,0.8165938864628821,0.8820754716981132,0.8820754716981132,0.8480725623582767,0.7835051546391752,0.8587570621468926,0.8165938864628821,0.6704479900582713,0.9048336899435907,0.8789965555375743,0.4108378138466209,406,212,194,0.5221674876847291,0.8118811881188119,0.7583333333333333,0.5384615384615384,0.6666666666666666,0.6666666666666666,0.5957446808510638,0.85,0.9066666666666666,0.5384615384615384,0.4795653302553324,0.8321428571428572,0.5895961567405879,0.4453543464724834,101,21,80,0.2079207920792079
40,5,0.39174340132112595,0.44049256581526536,0.8472906403940886,0.8470388349514563,0.839622641509434,0.8640776699029126,0.8640776699029126,0.8516746411483254,0.83,0.8556701030927835,0.839622641509434,0.6946849415914441,0.914368932038835,0.885468446745933,0.39174340132112595,406,206,200,0.5073891625615764,0.8316831683168316,0.7708333333333333,0.5833333333333334,0.6666666666666666,0.6666666666666666,0.6222222222222222,0.875,0.9090909090909091,0.5833333333333334,0.5164589025080292,0.8315476190476191,0.5874700532401897,0.44049256581526536,101,21,80,0.2079207920792079
41,5,0.3995073239008586,0.44199183927132535,0.8251231527093597,0.8227513227513228,0.8230088495575221,0.8571428571428571,0.8571428571428571,0.8397291196388262,0.7883597883597884,0.8277777777777777,0.8230088495575221,0.6481392517065144,0.9001536098310291,0.9078616656866217,0.3995073239008586,406,217,189,0.5344827586206896,0.8316831683168316,0.7708333333333333,0.5833333333333334,0.6666666666666666,0.6666666666666666,0.6222222222222222,0.875,0.9090909090909091,0.5833333333333334,0.5164589025080292,0.830952380952381,0.5870408598630199,0.44199183927132535,101,21,80,0.2079207920792079
42,5,0.3839339503616679,0.43905437221893895,0.8472906403940886,0.846137031549802,0.8295964125560538,0.8851674641148325,0.8851674641148325,0.8564814814814815,0.8071065989847716,0.8688524590163934,0.8295964125560538,0.6953546132663475,0.9186117115585457,0.9090363946610137,0.3839339503616679,406,209,197,0.5147783251231527,0.8316831683168316,0.7708333333333333,0.5833333333333334,0.6666666666666666,0.6666666666666666,0.6222222222222222,0.875,0.9090909090909091,0.5833333333333334,0.5164589025080292,0.8315476190476191,0.589177611999772,0.43905437221893895,101,21,80,0.2079207920792079
