epoch,fold,train_loss,val_loss,train_accuracy,train_balanced_accuracy,train_precision,train_recall,train_sensitivity,train_f1_score,train_specificity,train_npv,train_ppv,train_mcc,train_auroc,train_auc_pr,train_avg_loss,train_n_samples,train_n_positive,train_n_negative,train_class_ratio,val_accuracy,val_balanced_accuracy,val_precision,val_recall,val_sensitivity,val_f1_score,val_specificity,val_npv,val_ppv,val_mcc,val_auroc,val_auc_pr,val_avg_loss,val_n_samples,val_n_positive,val_n_negative,val_class_ratio
1,1,0.7221741080284119,0.6647430681265317,0.49382716049382713,0.4929397131987123,0.49800796812749004,0.6127450980392157,0.6127450980392157,0.5494505494505495,0.373134328358209,0.487012987012987,0.49800796812749004,-0.014543476387548193,0.5053897180762853,0.5238021334348169,0.7221741080284119,405,204,201,0.5037037037037037,0.7058823529411765,0.6806818181818182,0.3888888888888889,0.6363636363636364,0.6363636363636364,0.4827586206896552,0.725,0.8787878787878788,0.3888888888888889,0.3110122990136259,0.6482954545454545,0.3758929893148886,0.6647430681265317,102,22,80,0.21568627450980393
2,1,0.6662415616652545,0.7128271345908825,0.6049382716049383,0.6060404666962045,0.6534653465346535,0.5945945945945946,0.5945945945945946,0.6226415094339622,0.6174863387978142,0.5566502463054187,0.6534653465346535,0.21109597592048465,0.6403780830010338,0.6804120990703248,0.6662415616652545,405,222,183,0.5481481481481482,0.5,0.5988636363636364,0.2698412698412698,0.7727272727272727,0.7727272727272727,0.4,0.425,0.8717948717948718,0.2698412698412698,0.16734792501052412,0.703409090909091,0.4505203147884054,0.7128271345908825,102,22,80,0.21568627450980393
3,1,0.6316444651753295,0.6683630576500525,0.674074074074074,0.6700734394124848,0.6781115879828327,0.7348837209302326,0.7348837209302326,0.7053571428571429,0.6052631578947368,0.6686046511627907,0.6781115879828327,0.3434158508038257,0.7309424724602204,0.7340911155432831,0.6316444651753295,405,215,190,0.5308641975308642,0.6274509803921569,0.6636363636363636,0.3333333333333333,0.7272727272727273,0.7272727272727273,0.45714285714285713,0.6,0.8888888888888888,0.3333333333333333,0.26967994498529685,0.7244318181818182,0.44085929113525824,0.6683630576500525,102,22,80,0.21568627450980393
4,1,0.6257530062222013,0.611288288464913,0.6691358024691358,0.6722855605030092,0.6289592760180995,0.7277486910994765,0.7277486910994765,0.6747572815533981,0.616822429906542,0.717391304347826,0.6289592760180995,0.3454597049407819,0.7412780740813232,0.7204625550653888,0.6257530062222013,405,191,214,0.47160493827160493,0.7156862745098039,0.6375,0.3793103448275862,0.5,0.5,0.43137254901960786,0.775,0.8493150684931506,0.3793103448275862,0.2507428736040222,0.7346590909090909,0.4339904971660128,0.611288288464913,102,22,80,0.21568627450980393
5,1,0.5788581955666635,0.5932591844063538,0.7358024691358025,0.7319934432646671,0.7470588235294118,0.6649214659685864,0.6649214659685864,0.703601108033241,0.7990654205607477,0.7276595744680852,0.7470588235294118,0.4693219699364731,0.8064050496648236,0.7848289357035921,0.5788581955666635,405,191,214,0.47160493827160493,0.7352941176470589,0.6829545454545455,0.41935483870967744,0.5909090909090909,0.5909090909090909,0.49056603773584906,0.775,0.8732394366197183,0.41935483870967744,0.3272046840908355,0.7602272727272728,0.46948461492530547,0.5932591844063538,102,22,80,0.21568627450980393
6,1,0.5688796876107945,0.5949061639033831,0.7358024691358025,0.7359429910191331,0.7487684729064039,0.7307692307692307,0.7307692307692307,0.7396593673965937,0.7411167512690355,0.7227722772277227,0.7487684729064039,0.4717133345031738,0.8207975400234283,0.8207964699133894,0.5688796876107945,405,208,197,0.5135802469135803,0.7254901960784313,0.709659090909091,0.4166666666666667,0.6818181818181818,0.6818181818181818,0.5172413793103449,0.7375,0.8939393939393939,0.4166666666666667,0.36089162998750934,0.7664772727272727,0.4742472274002145,0.5949061639033831,102,22,80,0.21568627450980393
7,1,0.5435533663805794,0.6344765585202438,0.7901234567901234,0.7906593406593407,0.8109452736318408,0.7761904761904762,0.7761904761904762,0.7931873479318735,0.8051282051282052,0.7696078431372549,0.8109452736318408,0.5809357729350647,0.8485225885225884,0.8519873692817136,0.5435533663805794,405,210,195,0.5185185185185185,0.6764705882352942,0.678409090909091,0.36585365853658536,0.6818181818181818,0.6818181818181818,0.47619047619047616,0.675,0.8852459016393442,0.36585365853658536,0.2993273935297609,0.7863636363636364,0.4924799887052306,0.6344765585202438,102,22,80,0.21568627450980393
8,1,0.5234576735426398,0.6006951630115509,0.7901234567901234,0.7902858123345426,0.8142857142857143,0.7880184331797235,0.7880184331797235,0.8009367681498829,0.7925531914893617,0.764102564102564,0.8142857142857143,0.5794789232348644,0.8635895676046672,0.8762751067732408,0.5234576735426398,405,217,188,0.5358024691358024,0.696078431372549,0.6909090909090909,0.38461538461538464,0.6818181818181818,0.6818181818181818,0.4918032786885246,0.7,0.8888888888888888,0.38461538461538464,0.3231546138134259,0.7835227272727272,0.4853927559287521,0.6006951630115509,102,22,80,0.21568627450980393
9,1,0.5535403872821846,0.5757784453722147,0.745679012345679,0.7457875457875458,0.7609756097560976,0.7428571428571429,0.7428571428571429,0.7518072289156627,0.7487179487179487,0.73,0.7609756097560976,0.4912752592254062,0.8311355311355311,0.8418175062222985,0.5535403872821846,405,210,195,0.5185185185185185,0.7352941176470589,0.7159090909090908,0.42857142857142855,0.6818181818181818,0.6818181818181818,0.5263157894736842,0.75,0.8955223880597015,0.42857142857142855,0.37409838630522024,0.7988636363636363,0.4846682300266054,0.5757784453722147,102,22,80,0.21568627450980393
10,1,0.5094539301068175,0.5814467175648763,0.8271604938271605,0.826647774466214,0.8309859154929577,0.8388625592417062,0.8388625592417062,0.8349056603773585,0.8144329896907216,0.8229166666666666,0.8309859154929577,0.6535989950728992,0.8903600918551816,0.8871664720928035,0.5094539301068175,405,211,194,0.5209876543209877,0.7450980392156863,0.7221590909090909,0.4411764705882353,0.6818181818181818,0.6818181818181818,0.5357142857142857,0.7625,0.8970588235294118,0.4411764705882353,0.38766492091636423,0.790340909090909,0.49132609127615456,0.5814467175648763,102,22,80,0.21568627450980393
11,1,0.5067163926421427,0.5811971299923383,0.8074074074074075,0.807140766754463,0.7889908256880734,0.8431372549019608,0.8431372549019608,0.8151658767772512,0.7711442786069652,0.8288770053475936,0.7889908256880734,0.6160720726947647,0.873134328358209,0.8558694288128065,0.5067163926421427,405,204,201,0.5037037037037037,0.7156862745098039,0.7034090909090909,0.40540540540540543,0.6818181818181818,0.6818181818181818,0.5084745762711864,0.725,0.8923076923076924,0.40540540540540543,0.34801594951252035,0.7982954545454546,0.4915692524296381,0.5811971299923383,102,22,80,0.21568627450980393
12,1,0.46072745527706893,0.5839690772386698,0.8345679012345679,0.8345405326309628,0.835,0.8308457711442786,0.8308457711442786,0.8329177057356608,0.8382352941176471,0.8341463414634146,0.835,0.6691137025666577,0.9155204370305337,0.9198986422301589,0.46072745527706893,405,201,204,0.4962962962962963,0.7352941176470589,0.7159090909090908,0.42857142857142855,0.6818181818181818,0.6818181818181818,0.5263157894736842,0.75,0.8955223880597015,0.42857142857142855,0.37409838630522024,0.7920454545454545,0.4952954653603501,0.5839690772386698,102,22,80,0.21568627450980393
13,1,0.4462599726576431,0.5620402006002573,0.854320987654321,0.854747036151632,0.8333333333333334,0.8793969849246231,0.8793969849246231,0.8557457212713936,0.8300970873786407,0.8769230769230769,0.8333333333333334,0.7098751389450952,0.9216714641167,0.9157931854861142,0.4462599726576431,405,199,206,0.49135802469135803,0.7843137254901961,0.7471590909090908,0.5,0.6818181818181818,0.6818181818181818,0.5769230769230769,0.8125,0.9027777777777778,0.5,0.44620665480008115,0.7909090909090909,0.4978574983215086,0.5620402006002573,102,22,80,0.21568627450980393
14,1,0.4798816603188421,0.5868203720221152,0.8197530864197531,0.8192394173428488,0.8262910798122066,0.8301886792452831,0.8301886792452831,0.8282352941176471,0.8082901554404145,0.8125,0.8262910798122066,0.6386349381658633,0.8897008505230228,0.901780747463164,0.4798816603188421,405,212,193,0.5234567901234568,0.7352941176470589,0.7159090909090908,0.42857142857142855,0.6818181818181818,0.6818181818181818,0.5263157894736842,0.75,0.8955223880597015,0.42857142857142855,0.37409838630522024,0.8039772727272727,0.5225109482791057,0.5868203720221152,102,22,80,0.21568627450980393
15,1,0.4687734279854625,0.5722354020063694,0.8271604938271605,0.8254578754578754,0.8097345132743363,0.8714285714285714,0.8714285714285714,0.8394495412844036,0.7794871794871795,0.8491620111731844,0.8097345132743363,0.6548939807224803,0.9021001221001221,0.9019084908359757,0.4687734279854625,405,210,195,0.5185185185185185,0.7450980392156863,0.7221590909090909,0.4411764705882353,0.6818181818181818,0.6818181818181818,0.5357142857142857,0.7625,0.8970588235294118,0.4411764705882353,0.38766492091636423,0.7988636363636363,0.5040332919707873,0.5722354020063694,102,22,80,0.21568627450980393
16,1,0.4331159650110731,0.5710346446587489,0.8790123456790123,0.879104259159877,0.8866995073891626,0.8737864077669902,0.8737864077669902,0.8801955990220048,0.8844221105527639,0.8712871287128713,0.8866995073891626,0.7580975690932518,0.9276723422939943,0.9221058593598692,0.4331159650110731,405,206,199,0.508641975308642,0.7352941176470589,0.7159090909090908,0.42857142857142855,0.6818181818181818,0.6818181818181818,0.5263157894736842,0.75,0.8955223880597015,0.42857142857142855,0.37409838630522024,0.802840909090909,0.5329009283090127,0.5710346446587489,102,22,80,0.21568627450980393
17,1,0.409333544765033,0.5835996992312945,0.8740740740740741,0.8701944321696863,0.8589743589743589,0.9178082191780822,0.9178082191780822,0.8874172185430463,0.8225806451612904,0.8947368421052632,0.8589743589743589,0.7470203345339442,0.9412530073157559,0.9419017708626192,0.409333544765033,405,219,186,0.5407407407407407,0.7647058823529411,0.7676136363636363,0.4722222222222222,0.7727272727272727,0.7727272727272727,0.5862068965517241,0.7625,0.9242424242424242,0.4722222222222222,0.4606502919352761,0.8068181818181819,0.5409793874140281,0.5835996992312945,102,22,80,0.21568627450980393
18,1,0.435948794232864,0.5691621498419688,0.8592592592592593,0.8580368906455862,0.8289473684210527,0.9130434782608695,0.9130434782608695,0.8689655172413793,0.803030303030303,0.8983050847457628,0.8289473684210527,0.721641471987609,0.921460986678378,0.9194886626832651,0.435948794232864,405,207,198,0.5111111111111111,0.7843137254901961,0.7801136363636363,0.5,0.7727272727272727,0.7727272727272727,0.6071428571428571,0.7875,0.9264705882352942,0.5,0.48879490028585054,0.8090909090909091,0.5451936121206096,0.5691621498419688,102,22,80,0.21568627450980393
19,1,0.40905818328553556,0.5669113030800452,0.8765432098765432,0.8767624530419085,0.8634146341463415,0.8894472361809045,0.8894472361809045,0.8762376237623762,0.8640776699029126,0.89,0.8634146341463415,0.7534697680977621,0.9423086305312972,0.9323884844514239,0.40905818328553556,405,199,206,0.49135802469135803,0.7647058823529411,0.7511363636363637,0.47058823529411764,0.7272727272727273,0.7272727272727273,0.5714285714285714,0.775,0.9117647058823529,0.47058823529411764,0.4382299106011074,0.8051136363636364,0.5388860240445392,0.5669113030800452,102,22,80,0.21568627450980393
20,1,0.40565891373975604,0.5552620561077044,0.891358024691358,0.891410938186076,0.8855721393034826,0.8944723618090452,0.8944723618090452,0.89,0.8883495145631068,0.8970588235294118,0.8855721393034826,0.7827264137818465,0.9456993706396059,0.9432345401988221,0.40565891373975604,405,199,206,0.49135802469135803,0.7745098039215687,0.740909090909091,0.4838709677419355,0.6818181818181818,0.6818181818181818,0.5660377358490566,0.8,0.9014084507042254,0.4838709677419355,0.43085337284010633,0.8045454545454546,0.5455602094866219,0.5552620561077044,102,22,80,0.21568627450980393
21,1,0.383892305633601,0.5655420199036598,0.9012345679012346,0.9011194029850746,0.8904761904761904,0.9166666666666666,0.9166666666666666,0.9033816425120773,0.8855721393034826,0.9128205128205128,0.8904761904761904,0.8027675803696263,0.954297141742269,0.9512204278033645,0.383892305633601,405,204,201,0.5037037037037037,0.7745098039215687,0.7573863636363636,0.48484848484848486,0.7272727272727273,0.7272727272727273,0.5818181818181818,0.7875,0.9130434782608695,0.48484848484848486,0.45257477946710833,0.8051136363636364,0.5383763752525537,0.5655420199036598,102,22,80,0.21568627450980393
22,1,0.39862372492458303,0.5699415487738756,0.8888888888888888,0.8889742464149839,0.8786407766990292,0.900497512437811,0.900497512437811,0.8894348894348895,0.8774509803921569,0.8994974874371859,0.8786407766990292,0.7780433726972397,0.950273144083504,0.9385868862719343,0.39862372492458303,405,201,204,0.4962962962962963,0.7843137254901961,0.7636363636363637,0.5,0.7272727272727273,0.7272727272727273,0.5925925925925926,0.8,0.9142857142857143,0.5,0.4673773191347206,0.8045454545454545,0.5382796366143353,0.5699415487738756,102,22,80,0.21568627450980393
23,1,0.3809936132793333,0.5725430978032259,0.8888888888888888,0.8889742464149839,0.8786407766990292,0.900497512437811,0.900497512437811,0.8894348894348895,0.8774509803921569,0.8994974874371859,0.8786407766990292,0.7780433726972397,0.9573700126816895,0.9557043280196165,0.3809936132793333,405,201,204,0.4962962962962963,0.7843137254901961,0.7636363636363637,0.5,0.7272727272727273,0.7272727272727273,0.5925925925925926,0.8,0.9142857142857143,0.5,0.4673773191347206,0.8005681818181818,0.532365901236117,0.5725430978032259,102,22,80,0.21568627450980393
24,1,0.3842557304922272,0.588640628525844,0.891358024691358,0.8908651734738691,0.8790697674418605,0.9130434782608695,0.9130434782608695,0.8957345971563981,0.8686868686868687,0.9052631578947369,0.8790697674418605,0.7830305548609918,0.9525203728102278,0.9554086583275864,0.3842557304922272,405,207,198,0.5111111111111111,0.7745098039215687,0.7573863636363636,0.48484848484848486,0.7272727272727273,0.7272727272727273,0.5818181818181818,0.7875,0.9130434782608695,0.48484848484848486,0.45257477946710833,0.8005681818181818,0.5316118806568285,0.588640628525844,102,22,80,0.21568627450980393
25,1,0.3554704209753111,0.6055714505223128,0.9160493827160494,0.9150922454617206,0.9241071428571429,0.9241071428571429,0.9241071428571429,0.9241071428571429,0.9060773480662984,0.9060773480662984,0.9241071428571429,0.8301844909234412,0.966283543804262,0.970392858575575,0.3554704209753111,405,224,181,0.5530864197530864,0.7745098039215687,0.7573863636363636,0.48484848484848486,0.7272727272727273,0.7272727272727273,0.5818181818181818,0.7875,0.9130434782608695,0.48484848484848486,0.45257477946710833,0.7960227272727273,0.5307113299121701,0.6055714505223128,102,22,80,0.21568627450980393
26,1,0.41339676549621657,0.6018565360170144,0.8765432098765432,0.8772507685551163,0.8490566037735849,0.9090909090909091,0.9090909090909091,0.8780487804878049,0.8454106280193237,0.9067357512953368,0.8490566037735849,0.755146670280459,0.9342458400429414,0.9299643027792024,0.41339676549621657,405,198,207,0.4888888888888889,0.7745098039215687,0.7573863636363636,0.48484848484848486,0.7272727272727273,0.7272727272727273,0.5818181818181818,0.7875,0.9130434782608695,0.48484848484848486,0.45257477946710833,0.7988636363636363,0.5309718893350606,0.6018565360170144,102,22,80,0.21568627450980393
27,1,0.4047548639423707,0.5764944175114999,0.8790123456790123,0.8798726642923355,0.8409090909090909,0.9296482412060302,0.9296482412060302,0.883054892601432,0.8300970873786407,0.9243243243243243,0.8409090909090909,0.7624844342676649,0.9458701273357076,0.9406526918883028,0.4047548639423707,405,199,206,0.49135802469135803,0.7745098039215687,0.7573863636363636,0.48484848484848486,0.7272727272727273,0.7272727272727273,0.5818181818181818,0.7875,0.9130434782608695,0.48484848484848486,0.45257477946710833,0.8,0.5350077468307674,0.5764944175114999,102,22,80,0.21568627450980393
28,1,0.3494838419206002,0.569363455932874,0.9061728395061729,0.9066570717666,0.8815165876777251,0.9346733668341709,0.9346733668341709,0.9073170731707317,0.8786407766990292,0.9329896907216495,0.8815165876777251,0.8139099927011595,0.9738742254964141,0.9713615768113747,0.3494838419206002,405,199,206,0.49135802469135803,0.7843137254901961,0.7636363636363637,0.5,0.7272727272727273,0.7272727272727273,0.5925925925925926,0.8,0.9142857142857143,0.5,0.4673773191347206,0.7960227272727273,0.5313011052091389,0.569363455932874,102,22,80,0.21568627450980393
29,1,0.3549994427491637,0.5892343928034489,0.9111111111111111,0.9111062335381914,0.9104477611940298,0.9104477611940298,0.9104477611940298,0.9104477611940298,0.9117647058823529,0.9117647058823529,0.9104477611940298,0.8222124670763828,0.9671251585211199,0.9693178295905976,0.3549994427491637,405,201,204,0.4962962962962963,0.7745098039215687,0.7573863636363636,0.48484848484848486,0.7272727272727273,0.7272727272727273,0.5818181818181818,0.7875,0.9130434782608695,0.48484848484848486,0.45257477946710833,0.7982954545454546,0.5338051747101861,0.5892343928034489,102,22,80,0.21568627450980393
30,1,0.4267217366426599,0.5840240963376485,0.8716049382716049,0.8726438188494492,0.845,0.8894736842105263,0.8894736842105263,0.8666666666666667,0.8558139534883721,0.8975609756097561,0.845,0.7439230574189675,0.9264871481028152,0.9207628335478624,0.4267217366426599,405,190,215,0.4691358024691358,0.7745098039215687,0.7573863636363636,0.48484848484848486,0.7272727272727273,0.7272727272727273,0.5818181818181818,0.7875,0.9130434782608695,0.48484848484848486,0.45257477946710833,0.7977272727272727,0.5312221762255066,0.5840240963376485,102,22,80,0.21568627450980393
31,1,0.3734369282336796,0.5896339003856366,0.8987654320987655,0.8961640211640212,0.8820960698689956,0.9351851851851852,0.9351851851851852,0.9078651685393259,0.8571428571428571,0.9204545454545454,0.8820960698689956,0.7974229479444814,0.9600480109739368,0.9640367010487375,0.3734369282336796,405,216,189,0.5333333333333333,0.7745098039215687,0.7573863636363636,0.48484848484848486,0.7272727272727273,0.7272727272727273,0.5818181818181818,0.7875,0.9130434782608695,0.48484848484848486,0.45257477946710833,0.7988636363636363,0.5350268823691487,0.5896339003856366,102,22,80,0.21568627450980393
32,1,0.3901207724622652,0.5969821512699127,0.8814814814814815,0.8816168219739473,0.8719211822660099,0.8894472361809045,0.8894472361809045,0.8805970149253731,0.8737864077669902,0.8910891089108911,0.8719211822660099,0.763121959390955,0.9482607210811338,0.9427387808178478,0.3901207724622652,405,199,206,0.49135802469135803,0.7745098039215687,0.7573863636363636,0.48484848484848486,0.7272727272727273,0.7272727272727273,0.5818181818181818,0.7875,0.9130434782608695,0.48484848484848486,0.45257477946710833,0.8017045454545454,0.5368394030394452,0.5969821512699127,102,22,80,0.21568627450980393
33,1,0.3872801027461594,0.5980126158549235,0.8987654320987655,0.8988196849241574,0.8815165876777251,0.9207920792079208,0.9207920792079208,0.9007263922518159,0.8768472906403941,0.9175257731958762,0.8815165876777251,0.7983405571617473,0.9524459835146077,0.9479921030933668,0.3872801027461594,405,202,203,0.49876543209876545,0.7745098039215687,0.7573863636363636,0.48484848484848486,0.7272727272727273,0.7272727272727273,0.5818181818181818,0.7875,0.9130434782608695,0.48484848484848486,0.45257477946710833,0.8056818181818182,0.5390143926631151,0.5980126158549235,102,22,80,0.21568627450980393
34,1,0.3805116175436506,0.5904335912603599,0.8987654320987655,0.894164364640884,0.8860759493670886,0.9375,0.9375,0.911062906724512,0.850828729281768,0.9166666666666666,0.8860759493670886,0.795503027296699,0.9550858326756116,0.9626458340041938,0.3805116175436506,405,224,181,0.5530864197530864,0.7843137254901961,0.7636363636363637,0.5,0.7272727272727273,0.7272727272727273,0.5925925925925926,0.8,0.9142857142857143,0.5,0.4673773191347206,0.8051136363636364,0.5363484406478931,0.5904335912603599,102,22,80,0.21568627450980393
35,1,0.36677351623189214,0.5772857929651554,0.9012345679012346,0.9047911547911548,0.8536585365853658,0.9459459459459459,0.9459459459459459,0.8974358974358975,0.8636363636363636,0.95,0.8536585365853658,0.8066149850853997,0.963022113022113,0.9456860725063402,0.36677351623189214,405,185,220,0.4567901234567901,0.7843137254901961,0.7636363636363637,0.5,0.7272727272727273,0.7272727272727273,0.5925925925925926,0.8,0.9142857142857143,0.5,0.4673773191347206,0.802840909090909,0.537454251794804,0.5772857929651554,102,22,80,0.21568627450980393
1,2,0.7154961321868148,0.726919412612915,0.5333333333333333,0.5261904761904762,0.5373665480427047,0.719047619047619,0.719047619047619,0.615071283095723,0.3333333333333333,0.5241935483870968,0.5373665480427047,0.056785354446866526,0.5245909645909645,0.5360765397603264,0.7154961321868148,405,210,195,0.5185185185185185,0.5,0.5164772727272727,0.22641509433962265,0.5454545454545454,0.5454545454545454,0.32,0.4875,0.7959183673469388,0.22641509433962265,0.0271291186422843,0.5295454545454545,0.23987201349812948,0.726919412612915,102,22,80,0.21568627450980393
2,2,0.668413038055102,0.653644744020242,0.5975308641975309,0.597087734741784,0.5736040609137056,0.5885416666666666,0.5885416666666666,0.5809768637532133,0.6056338028169014,0.6201923076923077,0.5736040609137056,0.19398582643658077,0.6482296557120502,0.6521242593851644,0.668413038055102,405,192,213,0.4740740740740741,0.6568627450980392,0.45170454545454547,0.11764705882352941,0.09090909090909091,0.09090909090909091,0.10256410256410256,0.8125,0.7647058823529411,0.11764705882352941,-0.10660035817780521,0.5721590909090909,0.2484641080209382,0.653644744020242,102,22,80,0.21568627450980393
3,2,0.6532268085900474,0.6590199057872479,0.6296296296296297,0.630844774515073,0.6580310880829016,0.6018957345971564,0.6018957345971564,0.6287128712871287,0.6597938144329897,0.6037735849056604,0.6580310880829016,0.2617471046799976,0.689133727463722,0.6889857317917198,0.6532268085900474,405,211,194,0.5209876543209877,0.6862745098039216,0.5528409090909091,0.2916666666666667,0.3181818181818182,0.3181818181818182,0.30434782608695654,0.7875,0.8076923076923077,0.2916666666666667,0.10247164028616436,0.6357954545454545,0.2918157569909545,0.6590199057872479,102,22,80,0.21568627450980393
4,2,0.62757260454636,0.654900549696042,0.671604938271605,0.669124108973733,0.6863905325443787,0.5918367346938775,0.5918367346938775,0.6356164383561644,0.7464114832535885,0.6610169491525424,0.6863905325443787,0.34279726017808326,0.7349379943364907,0.7076176987747151,0.62757260454636,405,196,209,0.4839506172839506,0.696078431372549,0.6579545454545455,0.37142857142857144,0.5909090909090909,0.5909090909090909,0.45614035087719296,0.725,0.8656716417910447,0.37142857142857144,0.273682503665398,0.6772727272727274,0.35150331207430674,0.654900549696042,102,22,80,0.21568627450980393
5,2,0.6096251066408905,0.6774208293511317,0.6864197530864198,0.6839867044676899,0.6872246696035242,0.7358490566037735,0.7358490566037735,0.7107061503416856,0.6321243523316062,0.6853932584269663,0.6872246696035242,0.370288386541919,0.7616335907713363,0.7672394597726543,0.6096251066408905,405,212,193,0.5234567901234568,0.6372549019607843,0.6534090909090908,0.3333333333333333,0.6818181818181818,0.6818181818181818,0.44776119402985076,0.625,0.8771929824561403,0.3333333333333333,0.25415212262620723,0.70625,0.432743559175468,0.6774208293511317,102,22,80,0.21568627450980393
6,2,0.5690349200192619,0.6283984046715957,0.7358024691358025,0.7358191484173048,0.74,0.729064039408867,0.729064039408867,0.7344913151364765,0.7425742574257426,0.7317073170731707,0.74,0.47167280569141723,0.8214895381163734,0.8031229926569045,0.5690349200192619,405,203,202,0.5012345679012346,0.6862745098039216,0.5857954545454546,0.32142857142857145,0.4090909090909091,0.4090909090909091,0.36,0.7625,0.8243243243243243,0.32142857142857145,0.1581450975682518,0.6647727272727273,0.3885605088224448,0.6283984046715957,102,22,80,0.21568627450980393
7,2,0.5934038661858615,0.6234232714542975,0.725925925925926,0.7242945024899912,0.7374301675977654,0.673469387755102,0.673469387755102,0.704,0.7751196172248804,0.7168141592920354,0.7374301675977654,0.4514078096547484,0.7865931061419783,0.7721246062917494,0.5934038661858615,405,196,209,0.4839506172839506,0.7156862745098039,0.6704545454545454,0.3939393939393939,0.5909090909090909,0.5909090909090909,0.4727272727272727,0.75,0.8695652173913043,0.3939393939393939,0.299718396998085,0.7102272727272727,0.48290627346708836,0.6234232714542975,102,22,80,0.21568627450980393
8,2,0.5571214124268177,0.5955749773062192,0.762962962962963,0.7615384615384615,0.7567567567567568,0.8,0.8,0.7777777777777778,0.7230769230769231,0.7704918032786885,0.7567567567567568,0.5251585993584025,0.8264468864468864,0.8215123107453208,0.5571214124268177,405,210,195,0.5185185185185185,0.7352941176470589,0.6664772727272728,0.41379310344827586,0.5454545454545454,0.5454545454545454,0.47058823529411764,0.7875,0.863013698630137,0.41379310344827586,0.30358538002470453,0.7068181818181818,0.5033495486916426,0.5955749773062192,102,22,80,0.21568627450980393
9,2,0.5199168108257592,0.5937206045939372,0.8074074074074075,0.8069828722002634,0.8125,0.7878787878787878,0.7878787878787878,0.8,0.8260869565217391,0.8028169014084507,0.8125,0.6146409516257968,0.8647342995169082,0.8560071466833824,0.5199168108257592,405,198,207,0.4888888888888889,0.7254901960784313,0.6767045454545455,0.40625,0.5909090909090909,0.5909090909090909,0.48148148148148145,0.7625,0.8714285714285714,0.40625,0.3132636772648666,0.7147727272727273,0.5363227966066503,0.5937206045939372,102,22,80,0.21568627450980393
10,2,0.5583530550493914,0.6118225982555976,0.7432098765432099,0.7440723032638923,0.7771739130434783,0.6941747572815534,0.6941747572815534,0.7333333333333333,0.7939698492462312,0.7149321266968326,0.7771739130434783,0.4901213208369743,0.8167292774552373,0.8370287530609171,0.5583530550493914,405,206,199,0.508641975308642,0.696078431372549,0.6744318181818182,0.3783783783783784,0.6363636363636364,0.6363636363636364,0.4745762711864407,0.7125,0.8769230769230769,0.3783783783783784,0.2984382583808485,0.7267045454545454,0.5690123548644203,0.6118225982555976,102,22,80,0.21568627450980393
11,2,0.5341666853603195,0.6005151397906817,0.7753086419753087,0.7733546684907412,0.7654867256637168,0.8199052132701422,0.8199052132701422,0.7917620137299771,0.7268041237113402,0.7877094972067039,0.7654867256637168,0.5499432154560578,0.8462402892461035,0.8496906174185463,0.5341666853603195,405,211,194,0.5209876543209877,0.7254901960784313,0.709659090909091,0.4166666666666667,0.6818181818181818,0.6818181818181818,0.5172413793103449,0.7375,0.8939393939393939,0.4166666666666667,0.36089162998750934,0.7534090909090909,0.5753799803118715,0.6005151397906817,102,22,80,0.21568627450980393
12,2,0.5264345664604038,0.5582850483747629,0.8,0.8005323063337095,0.7704081632653061,0.8074866310160428,0.8074866310160428,0.7885117493472585,0.7935779816513762,0.8277511961722488,0.7704081632653061,0.5996102264752706,0.854045037531276,0.8230661556399216,0.5264345664604038,405,187,218,0.4617283950617284,0.7647058823529411,0.7017045454545454,0.4642857142857143,0.5909090909090909,0.5909090909090909,0.52,0.8125,0.8783783783783784,0.4642857142857143,0.3717980770644331,0.74375,0.5638936200453343,0.5582850483747629,102,22,80,0.21568627450980393
13,2,0.46074289434096394,0.5683692452999262,0.854320987654321,0.8539327214139244,0.8549222797927462,0.8418367346938775,0.8418367346938775,0.8483290488431876,0.8660287081339713,0.8537735849056604,0.8549222797927462,0.7082805320598631,0.9151694170491164,0.8948069187507566,0.46074289434096394,405,196,209,0.4839506172839506,0.7843137254901961,0.7142045454545455,0.5,0.5909090909090909,0.5909090909090909,0.5416666666666666,0.8375,0.881578947368421,0.5,0.40431657145379674,0.7477272727272727,0.6008456825126844,0.5683692452999262,102,22,80,0.21568627450980393
14,2,0.46459989673366736,0.614865745489414,0.8518518518518519,0.8529181738195327,0.88,0.8301886792452831,0.8301886792452831,0.8543689320388349,0.8756476683937824,0.824390243902439,0.88,0.7051129250472494,0.9007723140091896,0.9019035040030676,0.46459989673366736,405,212,193,0.5234567901234568,0.7549019607843137,0.7284090909090909,0.45454545454545453,0.6818181818181818,0.6818181818181818,0.5454545454545454,0.775,0.8985507246376812,0.45454545454545453,0.4016226519774339,0.7556818181818182,0.6007535131149973,0.614865745489414,102,22,80,0.21568627450980393
15,2,0.47860026374167086,0.5699704117499865,0.8419753086419753,0.8402255639097744,0.8165938864628821,0.8947368421052632,0.8947368421052632,0.8538812785388128,0.7857142857142857,0.875,0.8165938864628821,0.6859998834087169,0.8919539107509032,0.8887789316891128,0.47860026374167086,405,209,196,0.5160493827160494,0.7843137254901961,0.7142045454545455,0.5,0.5909090909090909,0.5909090909090909,0.5416666666666666,0.8375,0.881578947368421,0.5,0.40431657145379674,0.7267045454545454,0.5677928600438004,0.5699704117499865,102,22,80,0.21568627450980393
16,2,0.49010202931422814,0.5675421357154846,0.8271604938271605,0.8271510096575945,0.8258706467661692,0.8258706467661692,0.8258706467661692,0.8258706467661692,0.8284313725490197,0.8284313725490197,0.8258706467661692,0.6543020193151887,0.8839137645107794,0.8668852020639433,0.49010202931422814,405,201,204,0.4962962962962963,0.7549019607843137,0.6954545454545455,0.4482758620689655,0.5909090909090909,0.5909090909090909,0.5098039215686274,0.8,0.8767123287671232,0.4482758620689655,0.3564278864453869,0.7488636363636364,0.5916820274748051,0.5675421357154846,102,22,80,0.21568627450980393
17,2,0.47299152042935877,0.5580217614769936,0.8395061728395061,0.8389886324828023,0.8248847926267281,0.8689320388349514,0.8689320388349514,0.8463356973995272,0.8090452261306532,0.8563829787234043,0.8248847926267281,0.679620526712647,0.8962043225837928,0.8937054184096959,0.47299152042935877,405,206,199,0.508641975308642,0.7843137254901961,0.7142045454545455,0.5,0.5909090909090909,0.5909090909090909,0.5416666666666666,0.8375,0.881578947368421,0.5,0.40431657145379674,0.7539772727272727,0.5939599498797704,0.5580217614769936,102,22,80,0.21568627450980393
18,2,0.440066909819257,0.5558600494494805,0.8592592592592593,0.8584152334152334,0.8721461187214612,0.8681818181818182,0.8681818181818182,0.8701594533029613,0.8486486486486486,0.8440860215053764,0.8721461187214612,0.7165312410759132,0.9200982800982801,0.9345111811689036,0.440066909819257,405,220,185,0.5432098765432098,0.7745098039215687,0.7079545454545455,0.48148148148148145,0.5909090909090909,0.5909090909090909,0.5306122448979592,0.825,0.88,0.48148148148148145,0.3877414529598742,0.7590909090909091,0.6002313910570666,0.5558600494494805,102,22,80,0.21568627450980393
19,2,0.44142591164392586,0.5580171489944825,0.8395061728395061,0.8379899916597164,0.8461538461538461,0.8577981651376146,0.8577981651376146,0.8519362186788155,0.8181818181818182,0.8315217391304348,0.8461538461538461,0.6768272533198224,0.9203257616641318,0.9152051219896175,0.44142591164392586,405,218,187,0.5382716049382716,0.7745098039215687,0.7244318181818181,0.4827586206896552,0.6363636363636364,0.6363636363636364,0.5490196078431373,0.8125,0.8904109589041096,0.4827586206896552,0.40927039286606925,0.7727272727272727,0.6183513152533373,0.5580171489944825,102,22,80,0.21568627450980393
20,2,0.45946630484917583,0.542848903972369,0.8419753086419753,0.8428853754940712,0.8101851851851852,0.8838383838383839,0.8838383838383839,0.8454106280193237,0.8019323671497585,0.8783068783068783,0.8101851851851852,0.6871300600543744,0.9042355926413898,0.8858993537423336,0.45946630484917583,405,198,207,0.4888888888888889,0.7843137254901961,0.7142045454545455,0.5,0.5909090909090909,0.5909090909090909,0.5416666666666666,0.8375,0.881578947368421,0.5,0.40431657145379674,0.7659090909090909,0.6018964614261839,0.542848903972369,102,22,80,0.21568627450980393
21,2,0.44576234925611347,0.5239302424284128,0.8419753086419753,0.8416461916461917,0.8201058201058201,0.8378378378378378,0.8378378378378378,0.8288770053475936,0.8454545454545455,0.8611111111111112,0.8201058201058201,0.6822538680508454,0.9137100737100737,0.9052795691389902,0.44576234925611347,405,185,220,0.4567901234567901,0.7745098039215687,0.7079545454545455,0.48148148148148145,0.5909090909090909,0.5909090909090909,0.5306122448979592,0.825,0.88,0.48148148148148145,0.3877414529598742,0.803409090909091,0.6355965164531434,0.5239302424284128,102,22,80,0.21568627450980393
22,2,0.41738275628463894,0.5089786018316562,0.8666666666666667,0.8670457888028238,0.845360824742268,0.8723404255319149,0.8723404255319149,0.8586387434554974,0.8617511520737328,0.8862559241706162,0.845360824742268,0.7328531185798244,0.9325914305324052,0.9224371559218323,0.41738275628463894,405,188,217,0.4641975308641975,0.7941176470588235,0.7369318181818182,0.5185185185185185,0.6363636363636364,0.6363636363636364,0.5714285714285714,0.8375,0.8933333333333333,0.5185185185185185,0.4417709996837911,0.821590909090909,0.6490427447445883,0.5089786018316562,102,22,80,0.21568627450980393
23,2,0.358131750395485,0.5242675307851571,0.9185185185185185,0.9187076157486462,0.9068627450980392,0.9296482412060302,0.9296482412060302,0.9181141439205955,0.9077669902912622,0.9303482587064676,0.9068627450980392,0.8373131114242937,0.9690198565643752,0.9701022764107805,0.358131750395485,405,199,206,0.49135802469135803,0.7941176470588235,0.7204545454545455,0.52,0.5909090909090909,0.5909090909090909,0.5531914893617021,0.85,0.8831168831168831,0.52,0.42158972765613156,0.8045454545454546,0.6402373031805122,0.5242675307851571,102,22,80,0.21568627450980393
24,2,0.43042933604880873,0.519317857348002,0.8518518518518519,0.8519900497512438,0.8373205741626795,0.8706467661691543,0.8706467661691543,0.8536585365853658,0.8333333333333334,0.8673469387755102,0.8373205741626795,0.7043237223566995,0.9262023217247097,0.925256689201536,0.43042933604880873,405,201,204,0.4962962962962963,0.7941176470588235,0.7369318181818182,0.5185185185185185,0.6363636363636364,0.6363636363636364,0.5714285714285714,0.8375,0.8933333333333333,0.5185185185185185,0.4417709996837911,0.8142045454545455,0.6520553086685428,0.519317857348002,102,22,80,0.21568627450980393
25,2,0.40373146008042726,0.49289693855322325,0.8716049382716049,0.8732186732186732,0.8375634517766497,0.8918918918918919,0.8918918918918919,0.8638743455497382,0.8545454545454545,0.9038461538461539,0.8375634517766497,0.7439192285754179,0.9443980343980345,0.9338692154140651,0.40373146008042726,405,185,220,0.4567901234567901,0.8137254901960784,0.7329545454545454,0.5652173913043478,0.5909090909090909,0.5909090909090909,0.5777777777777777,0.875,0.8860759493670886,0.5652173913043478,0.45854298608260885,0.8278409090909091,0.6658954783713491,0.49289693855322325,102,22,80,0.21568627450980393
26,2,0.4420257180052645,0.49025600804732394,0.8469135802469135,0.8453316953316954,0.8360655737704918,0.827027027027027,0.827027027027027,0.8315217391304348,0.8636363636363636,0.8558558558558559,0.8360655737704918,0.6912921239667019,0.9173218673218674,0.8931279104578707,0.4420257180052645,405,185,220,0.4567901234567901,0.8235294117647058,0.7556818181818181,0.5833333333333334,0.6363636363636364,0.6363636363636364,0.6086956521739131,0.875,0.8974358974358975,0.5833333333333334,0.4958305175136985,0.8318181818181818,0.6734757212440226,0.49025600804732394,102,22,80,0.21568627450980393
27,2,0.4113513606728292,0.49584750831127167,0.8790123456790123,0.8789142522680714,0.8877551020408163,0.8656716417910447,0.8656716417910447,0.8765743073047859,0.8921568627450981,0.8708133971291866,0.8877551020408163,0.7581984115745888,0.9379816603258219,0.9378577946856583,0.4113513606728292,405,201,204,0.4962962962962963,0.803921568627451,0.7431818181818182,0.5384615384615384,0.6363636363636364,0.6363636363636364,0.5833333333333334,0.85,0.8947368421052632,0.5384615384615384,0.4590119166637268,0.8369318181818182,0.6778442926622674,0.49584750831127167,102,22,80,0.21568627450980393
28,2,0.37831488047160355,0.49885798073731935,0.8962962962962963,0.8962956640491635,0.8960396039603961,0.8960396039603961,0.8960396039603961,0.8960396039603961,0.896551724137931,0.896551724137931,0.8960396039603961,0.7925913280983271,0.9563234648588012,0.9600459213931292,0.37831488047160355,405,202,203,0.49876543209876545,0.8137254901960784,0.7329545454545454,0.5652173913043478,0.5909090909090909,0.5909090909090909,0.5777777777777777,0.875,0.8860759493670886,0.5652173913043478,0.45854298608260885,0.8295454545454546,0.6713499515874211,0.49885798073731935,102,22,80,0.21568627450980393
29,2,0.38617900832026614,0.5023225769400597,0.8740740740740741,0.8741822087686749,0.864321608040201,0.8775510204081632,0.8775510204081632,0.8708860759493671,0.8708133971291866,0.883495145631068,0.864321608040201,0.7480905354874309,0.9539351625817791,0.9556074680879995,0.38617900832026614,405,196,209,0.4839506172839506,0.7941176470588235,0.7369318181818182,0.5185185185185185,0.6363636363636364,0.6363636363636364,0.5714285714285714,0.8375,0.8933333333333333,0.5185185185185185,0.4417709996837911,0.8369318181818182,0.6791416254886038,0.5023225769400597,102,22,80,0.21568627450980393
30,2,0.41038480108859493,0.503859566954466,0.8716049382716049,0.87158596765525,0.8622448979591837,0.8711340206185567,0.8711340206185567,0.8666666666666667,0.8720379146919431,0.8803827751196173,0.8622448979591837,0.7428997543525678,0.941613328773147,0.9312870182680915,0.41038480108859493,405,194,211,0.47901234567901235,0.7941176470588235,0.7204545454545455,0.52,0.5909090909090909,0.5909090909090909,0.5531914893617021,0.85,0.8831168831168831,0.52,0.42158972765613156,0.8289772727272727,0.6783342295563957,0.503859566954466,102,22,80,0.21568627450980393
31,2,0.39161373660260557,0.5011875560650458,0.8962962962962963,0.8963414634146342,0.8910891089108911,0.9,0.9,0.8955223880597015,0.8926829268292683,0.9014778325123153,0.8910891089108911,0.7926249320047084,0.9479024390243902,0.9355384632537787,0.39161373660260557,405,200,205,0.49382716049382713,0.803921568627451,0.7267045454545455,0.5416666666666666,0.5909090909090909,0.5909090909090909,0.5652173913043478,0.8625,0.8846153846153846,0.5416666666666666,0.43963639219547934,0.8329545454545455,0.6851931739849697,0.5011875560650458,102,22,80,0.21568627450980393
32,2,0.37373826360585644,0.5030487517897899,0.9012345679012346,0.9012904327462556,0.9068627450980392,0.8980582524271845,0.8980582524271845,0.9024390243902439,0.9045226130653267,0.8955223880597015,0.9068627450980392,0.802482993357531,0.9577499146216519,0.9437626287192361,0.37373826360585644,405,206,199,0.508641975308642,0.7843137254901961,0.7306818181818182,0.5,0.6363636363636364,0.6363636363636364,0.56,0.825,0.8918918918918919,0.5,0.4252113219384784,0.8477272727272727,0.6805149500461505,0.5030487517897899,102,22,80,0.21568627450980393
33,2,0.38254673355350305,0.505391714664606,0.891358024691358,0.8904724716907458,0.8727272727272727,0.9230769230769231,0.9230769230769231,0.897196261682243,0.8578680203045685,0.9135135135135135,0.8727272727272727,0.7835883908628497,0.9547784068723155,0.9581728117160593,0.38254673355350305,405,208,197,0.5135802469135803,0.7745098039215687,0.7244318181818181,0.4827586206896552,0.6363636363636364,0.6363636363636364,0.5490196078431373,0.8125,0.8904109589041096,0.4827586206896552,0.40927039286606925,0.8409090909090908,0.6788546008397209,0.505391714664606,102,22,80,0.21568627450980393
34,2,0.37014036348053053,0.5184981639568622,0.891358024691358,0.8895337399173716,0.8933333333333333,0.9095022624434389,0.9095022624434389,0.9013452914798207,0.8695652173913043,0.8888888888888888,0.8933333333333333,0.7806432574085291,0.9604318315955145,0.966616888244331,0.37014036348053053,405,221,184,0.5456790123456791,0.7745098039215687,0.7244318181818181,0.4827586206896552,0.6363636363636364,0.6363636363636364,0.5490196078431373,0.8125,0.8904109589041096,0.4827586206896552,0.40927039286606925,0.8431818181818183,0.6806420026754565,0.5184981639568622,102,22,80,0.21568627450980393
35,2,0.3544509257463848,0.5027248074228947,0.9185185185185185,0.9189407276995305,0.9035532994923858,0.9270833333333334,0.9270833333333334,0.9151670951156813,0.9107981220657277,0.9326923076923077,0.9035532994923858,0.8370631316806292,0.9701926838810642,0.9655207208359878,0.3544509257463848,405,192,213,0.4740740740740741,0.7745098039215687,0.7244318181818181,0.4827586206896552,0.6363636363636364,0.6363636363636364,0.5490196078431373,0.8125,0.8904109589041096,0.4827586206896552,0.40927039286606925,0.8397727272727272,0.6820725513924935,0.5027248074228947,102,22,80,0.21568627450980393
36,2,0.3546189091661397,0.4995826121706229,0.9209876543209876,0.9213909352588183,0.8995215311004785,0.9447236180904522,0.9447236180904522,0.9215686274509803,0.8980582524271845,0.9438775510204082,0.8995215311004785,0.8430904198380497,0.9664097184953896,0.9623169762955689,0.3546189091661397,405,199,206,0.49135802469135803,0.7843137254901961,0.7142045454545455,0.5,0.5909090909090909,0.5909090909090909,0.5416666666666666,0.8375,0.881578947368421,0.5,0.40431657145379674,0.8318181818181818,0.6884836372461658,0.4995826121706229,102,22,80,0.21568627450980393
37,2,0.3965585211328432,0.5051939464532412,0.8864197530864197,0.886267193444542,0.8726415094339622,0.9068627450980392,0.9068627450980392,0.8894230769230769,0.8656716417910447,0.9015544041450777,0.8726415094339622,0.7733647040231523,0.9460540435079504,0.9355623285036022,0.3965585211328432,405,204,201,0.5037037037037037,0.7745098039215687,0.7079545454545455,0.48148148148148145,0.5909090909090909,0.5909090909090909,0.5306122448979592,0.825,0.88,0.48148148148148145,0.3877414529598742,0.8272727272727273,0.6873001531772622,0.5051939464532412,102,22,80,0.21568627450980393
38,2,0.40904343011332495,0.5061766682909086,0.8864197530864197,0.8875457875457875,0.8564593301435407,0.9179487179487179,0.9179487179487179,0.8861386138613861,0.8571428571428571,0.9183673469387755,0.8564593301435407,0.7749591147684527,0.9382173382173382,0.9240063560884039,0.40904343011332495,405,195,210,0.48148148148148145,0.7745098039215687,0.7079545454545455,0.48148148148148145,0.5909090909090909,0.5909090909090909,0.5306122448979592,0.825,0.88,0.48148148148148145,0.3877414529598742,0.8272727272727273,0.6878657273224769,0.5061766682909086,102,22,80,0.21568627450980393
39,2,0.3436455827425508,0.507112945501621,0.8987654320987655,0.8985816814764183,0.9,0.9043062200956937,0.9043062200956937,0.9021479713603818,0.8928571428571429,0.8974358974358975,0.9,0.7972996185495848,0.974074797383068,0.9794394618414354,0.3436455827425508,405,209,196,0.5160493827160494,0.7745098039215687,0.7079545454545455,0.48148148148148145,0.5909090909090909,0.5909090909090909,0.5306122448979592,0.825,0.88,0.48148148148148145,0.3877414529598742,0.8306818181818182,0.6898635582028847,0.507112945501621,102,22,80,0.21568627450980393
40,2,0.38322484741608304,0.5077511284213799,0.8888888888888888,0.8890839918056775,0.8679245283018868,0.9154228855721394,0.9154228855721394,0.8910411622276029,0.8627450980392157,0.9119170984455959,0.8679245283018868,0.7790043557145798,0.954760511169642,0.9501086016844691,0.38322484741608304,405,201,204,0.4962962962962963,0.7549019607843137,0.6954545454545455,0.4482758620689655,0.5909090909090909,0.5909090909090909,0.5098039215686274,0.8,0.8767123287671232,0.4482758620689655,0.3564278864453869,0.8301136363636363,0.6880168274087854,0.5077511284213799,102,22,80,0.21568627450980393
41,2,0.35137739324686573,0.5065183565020561,0.9135802469135802,0.9134146341463415,0.9047619047619048,0.926829268292683,0.926829268292683,0.9156626506024096,0.9,0.9230769230769231,0.9047619047619048,0.8273338940755723,0.9691951219512195,0.9698267406932859,0.35137739324686573,405,205,200,0.5061728395061729,0.7745098039215687,0.7079545454545455,0.48148148148148145,0.5909090909090909,0.5909090909090909,0.5306122448979592,0.825,0.88,0.48148148148148145,0.3877414529598742,0.825,0.6809805595970131,0.5065183565020561,102,22,80,0.21568627450980393
1,3,0.6985401616376989,0.617135994709455,0.5369458128078818,0.5381964667054941,0.58,0.28431372549019607,0.28431372549019607,0.3815789473684211,0.7920792079207921,0.5228758169934641,0.58,0.08865091898667889,0.6007814016695787,0.5971475915565277,0.6985401616376989,406,204,202,0.5024630541871922,0.7920792079207921,0.6053571428571429,0.5,0.2857142857142857,0.2857142857142857,0.36363636363636365,0.925,0.8314606741573034,0.5,0.2642792068957219,0.530952380952381,0.40050476860313494,0.617135994709455,101,21,80,0.2079207920792079
2,3,0.6539176851511002,0.6306705394616494,0.6330049261083743,0.6346938775510205,0.6648648648648648,0.5857142857142857,0.5857142857142857,0.6227848101265823,0.6836734693877551,0.6063348416289592,0.6648648648648648,0.2702922124603364,0.6810981535471332,0.6816754378915111,0.6539176851511002,406,210,196,0.5172413793103449,0.7029702970297029,0.6017857142857143,0.3333333333333333,0.42857142857142855,0.42857142857142855,0.375,0.775,0.8378378378378378,0.3333333333333333,0.1866696543243166,0.6023809523809524,0.44157530279189716,0.6306705394616494,101,21,80,0.2079207920792079
3,3,0.6345537573683495,0.6148793009611276,0.6699507389162561,0.6710884353741496,0.6979166666666666,0.638095238095238,0.638095238095238,0.6666666666666666,0.7040816326530612,0.6448598130841121,0.6979166666666666,0.34247654402489996,0.7125121477162294,0.743406241690324,0.6345537573683495,406,210,196,0.5172413793103449,0.6732673267326733,0.5830357142857143,0.3,0.42857142857142855,0.42857142857142855,0.35294117647058826,0.7375,0.8309859154929577,0.3,0.14748904402921564,0.6672619047619047,0.47729519085795463,0.6148793009611276,101,21,80,0.2079207920792079
4,3,0.6330905109643936,0.5882425709412649,0.6576354679802956,0.6573723548825471,0.6740331491712708,0.6039603960396039,0.6039603960396039,0.6370757180156658,0.7107843137254902,0.6444444444444445,0.6740331491712708,0.31660565024848164,0.7163900213550767,0.7147051615326601,0.6330905109643936,406,202,204,0.4975369458128079,0.7326732673267327,0.6732142857142858,0.4,0.5714285714285714,0.5714285714285714,0.47058823529411764,0.775,0.8732394366197183,0.4,0.30766531765234234,0.6976190476190477,0.5050329053389759,0.5882425709412649,101,21,80,0.2079207920792079
5,3,0.5836228552986594,0.5997799359835111,0.7389162561576355,0.7404544902175234,0.774869109947644,0.7014218009478673,0.7014218009478673,0.736318407960199,0.7794871794871795,0.7069767441860465,0.774869109947644,0.48137718936223745,0.8101591930975818,0.7958033932720707,0.5836228552986594,406,211,195,0.5197044334975369,0.7326732673267327,0.6907738095238095,0.40625,0.6190476190476191,0.6190476190476191,0.49056603773584906,0.7625,0.8840579710144928,0.40625,0.33281573750519206,0.719642857142857,0.5208791234466963,0.5997799359835111,101,21,80,0.2079207920792079
6,3,0.5711957727577172,0.5627918312182794,0.7610837438423645,0.7604204642119334,0.7552083333333334,0.7435897435897436,0.7435897435897436,0.7493540051679587,0.7772511848341233,0.7663551401869159,0.7552083333333334,0.5212020757635789,0.8198809089804351,0.7704156551110448,0.5711957727577172,406,195,211,0.4802955665024631,0.7425742574257426,0.6794642857142856,0.41379310344827586,0.5714285714285714,0.5714285714285714,0.48,0.7875,0.875,0.41379310344827586,0.3219566679836175,0.7291666666666667,0.539648330983156,0.5627918312182794,101,21,80,0.2079207920792079
7,3,0.5101677968221552,0.5477733623522979,0.7980295566502463,0.7975209624498725,0.7927461139896373,0.7846153846153846,0.7846153846153846,0.788659793814433,0.8104265402843602,0.8028169014084507,0.7927461139896373,0.5953024131326654,0.8811277190424109,0.8682511854995412,0.5101677968221552,406,195,211,0.4802955665024631,0.7425742574257426,0.6794642857142856,0.41379310344827586,0.5714285714285714,0.5714285714285714,0.48,0.7875,0.875,0.41379310344827586,0.3219566679836175,0.7345238095238096,0.5341708444551709,0.5477733623522979,101,21,80,0.2079207920792079
8,3,0.5204578728652468,0.5383718827596078,0.7881773399014779,0.7855504587155964,0.7833333333333333,0.75,0.75,0.7663043478260869,0.8211009174311926,0.7920353982300885,0.7833333333333333,0.5732308526737652,0.865972086667968,0.8276024461510283,0.5204578728652468,406,188,218,0.4630541871921182,0.7425742574257426,0.6794642857142856,0.41379310344827586,0.5714285714285714,0.5714285714285714,0.48,0.7875,0.875,0.41379310344827586,0.3219566679836175,0.7404761904761904,0.5449001422892992,0.5383718827596078,101,21,80,0.2079207920792079
9,3,0.4830026053914837,0.580557426581016,0.8275862068965517,0.8286263348658445,0.8557213930348259,0.8075117370892019,0.8075117370892019,0.8309178743961353,0.8497409326424871,0.8,0.8557213930348259,0.6564865849142093,0.9012138461164222,0.8896440434615169,0.4830026053914837,406,213,193,0.5246305418719212,0.693069306930693,0.6657738095238095,0.3611111111111111,0.6190476190476191,0.6190476190476191,0.45614035087719296,0.7125,0.8769230769230769,0.3611111111111111,0.2809264464137691,0.7357142857142857,0.5085176208687174,0.580557426581016,101,21,80,0.2079207920792079
10,3,0.4799280930675712,0.5809303648196734,0.8201970443349754,0.8215715162676489,0.8584905660377359,0.8088888888888889,0.8088888888888889,0.8329519450800915,0.8342541436464088,0.7783505154639175,0.8584905660377359,0.6399843001199577,0.8973603437691836,0.9204308232776105,0.4799280930675712,406,225,181,0.5541871921182266,0.6732673267326733,0.6532738095238095,0.34210526315789475,0.6190476190476191,0.6190476190476191,0.4406779661016949,0.6875,0.873015873015873,0.34210526315789475,0.25679733663121806,0.7511904761904762,0.5330236897328778,0.5809303648196734,101,21,80,0.2079207920792079
11,3,0.4658871456688526,0.540585423891361,0.8325123152709359,0.8359405458089668,0.7824074074074074,0.8894736842105263,0.8894736842105263,0.8325123152709359,0.7824074074074074,0.8894736842105263,0.7824074074074074,0.6718810916179337,0.9078947368421052,0.8951040745095955,0.4658871456688526,406,190,216,0.46798029556650245,0.7326732673267327,0.6907738095238095,0.40625,0.6190476190476191,0.6190476190476191,0.49056603773584906,0.7625,0.8840579710144928,0.40625,0.33281573750519206,0.7547619047619049,0.5397156858884716,0.540585423891361,101,21,80,0.2079207920792079
12,3,0.48332902716070997,0.5723605797840998,0.8275862068965517,0.8286263348658445,0.8557213930348259,0.8075117370892019,0.8075117370892019,0.8309178743961353,0.8497409326424871,0.8,0.8557213930348259,0.6564865849142093,0.8958865455253108,0.8827295033323299,0.48332902716070997,406,213,193,0.5246305418719212,0.693069306930693,0.6657738095238095,0.3611111111111111,0.6190476190476191,0.6190476190476191,0.45614035087719296,0.7125,0.8769230769230769,0.3611111111111111,0.2809264464137691,0.7464285714285714,0.5147846900387324,0.5723605797840998,101,21,80,0.2079207920792079
13,3,0.4895523051713027,0.546994686126709,0.812807881773399,0.8122496540674387,0.8018433179723502,0.8405797101449275,0.8405797101449275,0.8207547169811321,0.7839195979899497,0.8253968253968254,0.8018433179723502,0.6258682254024975,0.8853931493214867,0.8705369315933167,0.4895523051713027,406,207,199,0.5098522167487685,0.7425742574257426,0.6970238095238095,0.41935483870967744,0.6190476190476191,0.6190476190476191,0.5,0.775,0.8857142857142857,0.41935483870967744,0.3467156790861996,0.7488095238095238,0.5189740171751125,0.546994686126709,101,21,80,0.2079207920792079
14,3,0.45011385544842364,0.5694097716074723,0.8620689655172413,0.8620153909644842,0.8647342995169082,0.8647342995169082,0.8647342995169082,0.8647342995169082,0.8592964824120602,0.8592964824120602,0.8647342995169082,0.7240307819289685,0.9196950938266211,0.9024845706249774,0.45011385544842364,406,207,199,0.5098522167487685,0.7128712871287128,0.6782738095238096,0.38235294117647056,0.6190476190476191,0.6190476190476191,0.4727272727272727,0.7375,0.8805970149253731,0.38235294117647056,0.30619304495169114,0.7464285714285713,0.510691884059036,0.5694097716074723,101,21,80,0.2079207920792079
15,3,0.4233047152851142,0.5888449503825262,0.8694581280788177,0.868776248391717,0.85,0.9033816425120773,0.9033816425120773,0.8758782201405152,0.8341708542713567,0.8924731182795699,0.85,0.7400087176389739,0.9394800087393489,0.9365686162032331,0.4233047152851142,406,207,199,0.5098522167487685,0.6831683168316832,0.6595238095238095,0.35135135135135137,0.6190476190476191,0.6190476190476191,0.4482758620689655,0.7,0.875,0.35135135135135137,0.2687319477041383,0.7482142857142857,0.5014565452852413,0.5888449503825262,101,21,80,0.2079207920792079
16,3,0.413033397174349,0.5620113760232925,0.8793103448275862,0.8806122448979592,0.8450704225352113,0.9183673469387755,0.9183673469387755,0.8801955990220048,0.8428571428571429,0.917098445595855,0.8450704225352113,0.7616965326042934,0.9476433430515063,0.934085003421193,0.413033397174349,406,196,210,0.4827586206896552,0.7227722772277227,0.6845238095238095,0.3939393939393939,0.6190476190476191,0.6190476190476191,0.48148148148148145,0.75,0.8823529411764706,0.3939393939393939,0.31931963365195176,0.7559523809523809,0.5162844733432032,0.5620113760232925,101,21,80,0.2079207920792079
17,3,0.41746601842197717,0.578057315487128,0.8842364532019704,0.8840516404581634,0.8584474885844748,0.9215686274509803,0.9215686274509803,0.8888888888888888,0.8465346534653465,0.9144385026737968,0.8584474885844748,0.7704909250988917,0.9371966608425548,0.9240752463682478,0.41746601842197717,406,204,202,0.5024630541871922,0.7029702970297029,0.6720238095238096,0.37142857142857144,0.6190476190476191,0.6190476190476191,0.4642857142857143,0.725,0.8787878787878788,0.37142857142857144,0.2934047953655782,0.7529761904761905,0.5147587568605041,0.578057315487128,101,21,80,0.2079207920792079
18,3,0.3884986926819764,0.5854496566148905,0.8916256157635468,0.8899678738317758,0.8794642857142857,0.9205607476635514,0.9205607476635514,0.8995433789954338,0.859375,0.9065934065934066,0.8794642857142857,0.7829907368268707,0.9535874221183801,0.954816600373251,0.3884986926819764,406,214,192,0.5270935960591133,0.7029702970297029,0.6720238095238096,0.37142857142857144,0.6190476190476191,0.6190476190476191,0.4642857142857143,0.725,0.8787878787878788,0.37142857142857144,0.2934047953655782,0.7488095238095238,0.5142166724566237,0.5854496566148905,101,21,80,0.2079207920792079
19,3,0.4307006953978071,0.5738149296778899,0.874384236453202,0.8720064252336448,0.8558951965065502,0.9158878504672897,0.9158878504672897,0.8848758465011287,0.828125,0.8983050847457628,0.8558951965065502,0.7490892477387223,0.9290303738317757,0.8986638686257323,0.4307006953978071,406,214,192,0.5270935960591133,0.7128712871287128,0.6782738095238096,0.38235294117647056,0.6190476190476191,0.6190476190476191,0.4727272727272727,0.7375,0.8805970149253731,0.38235294117647056,0.30619304495169114,0.7541666666666667,0.5197187003606027,0.5738149296778899,101,21,80,0.2079207920792079
20,3,0.4073685509901421,0.5609998531066455,0.8940886699507389,0.8963567992576856,0.8564356435643564,0.9251336898395722,0.9251336898395722,0.8894601542416453,0.867579908675799,0.9313725490196079,0.8564356435643564,0.7902570893596114,0.938881156447635,0.8915961356382888,0.4073685509901421,406,187,219,0.4605911330049261,0.7425742574257426,0.6970238095238095,0.41935483870967744,0.6190476190476191,0.6190476190476191,0.5,0.775,0.8857142857142857,0.41935483870967744,0.3467156790861996,0.7595238095238096,0.5123307301721551,0.5609998531066455,101,21,80,0.2079207920792079
21,3,0.3985869754471031,0.5811992322023098,0.8866995073891626,0.8853822213577125,0.8738738738738738,0.9150943396226415,0.9150943396226415,0.8940092165898618,0.8556701030927835,0.9021739130434783,0.8738738738738738,0.7734016033109137,0.9444417428515852,0.9359711280977256,0.3985869754471031,406,212,194,0.5221674876847291,0.7128712871287128,0.6782738095238096,0.38235294117647056,0.6190476190476191,0.6190476190476191,0.4727272727272727,0.7375,0.8805970149253731,0.38235294117647056,0.30619304495169114,0.7613095238095239,0.5367486501157916,0.5811992322023098,101,21,80,0.2079207920792079
22,3,0.37549325809174894,0.5899347760356389,0.8990147783251231,0.8930288461538461,0.8765432098765432,0.9508928571428571,0.9508928571428571,0.9122055674518201,0.8351648351648352,0.9325153374233128,0.8765432098765432,0.7974752000108459,0.9642366562009419,0.9678730314963319,0.37549325809174894,406,224,182,0.5517241379310345,0.7128712871287128,0.6782738095238096,0.38235294117647056,0.6190476190476191,0.6190476190476191,0.4727272727272727,0.7375,0.8805970149253731,0.38235294117647056,0.30619304495169114,0.7601190476190476,0.5154246779084246,0.5899347760356389,101,21,80,0.2079207920792079
23,3,0.4182413775546878,0.5800338685512543,0.8694581280788177,0.8686882180069463,0.8577981651376146,0.8947368421052632,0.8947368421052632,0.8758782201405152,0.8426395939086294,0.8829787234042553,0.8577981651376146,0.7390747066125756,0.9313142107691935,0.9152268920749499,0.4182413775546878,406,209,197,0.5147783251231527,0.7326732673267327,0.6907738095238095,0.40625,0.6190476190476191,0.6190476190476191,0.49056603773584906,0.7625,0.8840579710144928,0.40625,0.33281573750519206,0.7571428571428571,0.5087788967248377,0.5800338685512543,101,21,80,0.2079207920792079
1,4,0.7231306457052044,0.7363467652064103,0.5098522167487685,0.5050287356321839,0.576036866359447,0.5387931034482759,0.5387931034482759,0.5567928730512249,0.47126436781609193,0.43386243386243384,0.576036866359447,0.009978072334820827,0.48870392390011885,0.5644797261252921,0.7231306457052044,406,232,174,0.5714285714285714,0.3069306930693069,0.4922619047619048,0.20481927710843373,0.8095238095238095,0.8095238095238095,0.3269230769230769,0.175,0.7777777777777778,0.20481927710843373,-0.016411316017543472,0.6083333333333333,0.29423034867343706,0.7363467652064103,101,21,80,0.2079207920792079
2,4,0.6849389590469062,0.7145121670686282,0.5467980295566502,0.5421768707482993,0.5503875968992248,0.6761904761904762,0.6761904761904762,0.6068376068376068,0.40816326530612246,0.5405405405405406,0.5503875968992248,0.08757927038038829,0.5892128279883382,0.5858955120463906,0.6849389590469062,406,210,196,0.5172413793103449,0.39603960396039606,0.5485119047619047,0.22972972972972974,0.8095238095238095,0.8095238095238095,0.35789473684210527,0.2875,0.8518518518518519,0.22972972972972974,0.08896828554053685,0.680952380952381,0.4672421747702589,0.7145121670686282,101,21,80,0.2079207920792079
3,4,0.672772016303212,0.6174878867772909,0.5911330049261084,0.589895156778321,0.5706806282722513,0.5647668393782384,0.5647668393782384,0.5677083333333334,0.6150234741784038,0.6093023255813953,0.5706806282722513,0.17988660791787078,0.623975285217349,0.6005443158969046,0.672772016303212,406,193,213,0.4753694581280788,0.801980198019802,0.7169642857142857,0.5217391304347826,0.5714285714285714,0.5714285714285714,0.5454545454545454,0.8625,0.8846153846153846,0.5217391304347826,0.4199152702739792,0.7535714285714286,0.5270025461155216,0.6174878867772909,101,21,80,0.2079207920792079
4,4,0.6357805325704462,0.6346365580191979,0.6477832512315271,0.6496164617070499,0.6855670103092784,0.6186046511627907,0.6186046511627907,0.6503667481662592,0.680628272251309,0.6132075471698113,0.6855670103092784,0.2990036526135123,0.7136490929014977,0.7509528047789885,0.6357805325704462,406,215,191,0.5295566502463054,0.7128712871287128,0.7133928571428572,0.39473684210526316,0.7142857142857143,0.7142857142857143,0.5084745762711864,0.7125,0.9047619047619048,0.39473684210526316,0.35752172886326866,0.7898809523809524,0.5575427331275635,0.6346365580191979,101,21,80,0.2079207920792079
5,4,0.6415891732070961,0.5867360807382144,0.6502463054187192,0.6454682632398754,0.6524390243902439,0.5572916666666666,0.5572916666666666,0.601123595505618,0.7336448598130841,0.6487603305785123,0.6524390243902439,0.29602346885433156,0.7000827492211836,0.685684506850385,0.6415891732070961,406,192,214,0.4729064039408867,0.8316831683168316,0.7708333333333333,0.5833333333333334,0.6666666666666666,0.6666666666666666,0.6222222222222222,0.875,0.9090909090909091,0.5833333333333334,0.5164589025080292,0.8297619047619048,0.5836099810404367,0.5867360807382144,101,21,80,0.2079207920792079
6,4,0.6342495118870455,0.5998440121228878,0.6600985221674877,0.6597742992355297,0.6666666666666666,0.6268656716417911,0.6268656716417911,0.6461538461538462,0.6926829268292682,0.6543778801843319,0.6666666666666666,0.3202956993045846,0.7231646644824657,0.7010919629255259,0.6342495118870455,406,201,205,0.49507389162561577,0.7821782178217822,0.774702380952381,0.48484848484848486,0.7619047619047619,0.7619047619047619,0.5925925925925926,0.7875,0.9264705882352942,0.48484848484848486,0.47537422880766367,0.8339285714285714,0.6062114795680233,0.5998440121228878,101,21,80,0.2079207920792079
7,4,0.5786248796126422,0.5727819433579078,0.7610837438423645,0.7618404728891484,0.7871287128712872,0.7464788732394366,0.7464788732394366,0.7662650602409639,0.7772020725388601,0.7352941176470589,0.7871287128712872,0.5230515098745269,0.8254153591670923,0.8399219329978747,0.5786248796126422,406,213,193,0.5246305418719212,0.7821782178217822,0.7571428571428571,0.4838709677419355,0.7142857142857143,0.7142857142857143,0.5769230769230769,0.8,0.9142857142857143,0.4838709677419355,0.4525110977801759,0.8517857142857143,0.6013148146270186,0.5727819433579078,101,21,80,0.2079207920792079
8,4,0.5721118911808613,0.580868315238219,0.7512315270935961,0.7527195027195027,0.7955801104972375,0.6923076923076923,0.6923076923076923,0.7403598971722365,0.8131313131313131,0.7155555555555555,0.7955801104972375,0.5082793549753201,0.8331633644133644,0.8317225221154902,0.5721118911808613,406,208,198,0.5123152709359606,0.7722772277227723,0.7684523809523809,0.47058823529411764,0.7619047619047619,0.7619047619047619,0.5818181818181818,0.775,0.9253731343283582,0.47058823529411764,0.4610786753696584,0.8720238095238095,0.6311747382468302,0.580868315238219,101,21,80,0.2079207920792079
9,4,0.5750609049025703,0.5575921294780878,0.7438423645320197,0.7442543380657687,0.7700534759358288,0.7024390243902439,0.7024390243902439,0.7346938775510204,0.7860696517412935,0.7214611872146118,0.7700534759358288,0.49000936459914757,0.8251425797840068,0.7850724382943062,0.5750609049025703,406,205,201,0.5049261083743842,0.7722772277227723,0.7684523809523809,0.47058823529411764,0.7619047619047619,0.7619047619047619,0.5818181818181818,0.775,0.9253731343283582,0.47058823529411764,0.4610786753696584,0.8779761904761906,0.6330116159717039,0.5575921294780878,101,21,80,0.2079207920792079
10,4,0.543589224710184,0.5118410472686474,0.7684729064039408,0.7648461838006231,0.788235294117647,0.6979166666666666,0.6979166666666666,0.7403314917127072,0.8317757009345794,0.7542372881355932,0.788235294117647,0.5360443885094597,0.8541666666666666,0.8378342959494798,0.543589224710184,406,192,214,0.4729064039408867,0.8118811881188119,0.7583333333333333,0.5384615384615384,0.6666666666666666,0.6666666666666666,0.5957446808510638,0.85,0.9066666666666666,0.5384615384615384,0.4795653302553324,0.8910714285714285,0.649473492655031,0.5118410472686474,101,21,80,0.2079207920792079
11,4,0.5404304987659642,0.49363212058177364,0.7857142857142857,0.784795066045066,0.8,0.7474747474747475,0.7474747474747475,0.7728459530026109,0.8221153846153846,0.7737556561085973,0.8,0.5716691000485826,0.8576146076146076,0.8510959635168918,0.5404304987659642,406,198,208,0.4876847290640394,0.8217821782178217,0.7645833333333334,0.56,0.6666666666666666,0.6666666666666666,0.6086956521739131,0.8625,0.9078947368421053,0.56,0.49758848283055557,0.8839285714285714,0.6478713630054862,0.49363212058177364,101,21,80,0.2079207920792079
12,4,0.5340991858758178,0.5045250745920035,0.770935960591133,0.7705496905715326,0.7903225806451613,0.7313432835820896,0.7313432835820896,0.7596899224806202,0.8097560975609757,0.7545454545454545,0.7903225806451613,0.542980438548462,0.8449217327994175,0.855872266009921,0.5340991858758178,406,201,205,0.49507389162561577,0.801980198019802,0.7696428571428571,0.5172413793103449,0.7142857142857143,0.7142857142857143,0.6,0.825,0.9166666666666666,0.5172413793103449,0.48373588920921634,0.8940476190476191,0.6955440139877171,0.5045250745920035,101,21,80,0.2079207920792079
13,4,0.5141063247825585,0.5145542369439051,0.8029556650246306,0.802719599114549,0.8151658767772512,0.8075117370892019,0.8075117370892019,0.8113207547169812,0.7979274611398963,0.7897435897435897,0.8151658767772512,0.6051742744132218,0.8803181785010581,0.8647973913920032,0.5141063247825585,406,213,193,0.5246305418719212,0.8118811881188119,0.8110119047619048,0.53125,0.8095238095238095,0.8095238095238095,0.6415094339622641,0.8125,0.9420289855072463,0.53125,0.5425779183977,0.8910714285714285,0.6955115923564472,0.5145542369439051,101,21,80,0.2079207920792079
14,4,0.5103610007494104,0.4701370126925982,0.8004926108374384,0.798180924287119,0.7734806629834254,0.7777777777777778,0.7777777777777778,0.775623268698061,0.8185840707964602,0.8222222222222222,0.7734806629834254,0.5960322758225824,0.8752704031465094,0.8250155695399157,0.5103610007494104,406,180,226,0.4433497536945813,0.8118811881188119,0.7934523809523809,0.5333333333333333,0.7619047619047619,0.7619047619047619,0.6274509803921569,0.825,0.9295774647887324,0.5333333333333333,0.5212336824831779,0.9035714285714285,0.7408144085838368,0.4701370126925982,101,21,80,0.2079207920792079
15,4,0.511068539000025,0.46776703343941617,0.7906403940886699,0.7847988259752965,0.8012048192771084,0.7189189189189189,0.7189189189189189,0.7578347578347578,0.8506787330316742,0.7833333333333333,0.8012048192771084,0.5770195483711492,0.8739880151644858,0.8435742488473847,0.511068539000025,406,185,221,0.45566502463054187,0.801980198019802,0.7872023809523809,0.5161290322580645,0.7619047619047619,0.7619047619047619,0.6153846153846154,0.8125,0.9285714285714286,0.5161290322580645,0.5054088071271641,0.9023809523809524,0.7387142688430066,0.46776703343941617,101,21,80,0.2079207920792079
16,4,0.4638015639548208,0.4990403675116025,0.8325123152709359,0.8328231292517007,0.8480392156862745,0.8238095238095238,0.8238095238095238,0.8357487922705314,0.8418367346938775,0.8168316831683168,0.8480392156862745,0.6652584657186649,0.9147230320699709,0.9135075487889522,0.4638015639548208,406,210,196,0.5172413793103449,0.7821782178217822,0.774702380952381,0.48484848484848486,0.7619047619047619,0.7619047619047619,0.5925925925925926,0.7875,0.9264705882352942,0.48484848484848486,0.47537422880766367,0.8964285714285714,0.7190124260085278,0.4990403675116025,101,21,80,0.2079207920792079
17,4,0.4756914476553599,0.4515496165706561,0.8300492610837439,0.8301413255360623,0.8102564102564103,0.8315789473684211,0.8315789473684211,0.8207792207792208,0.8287037037037037,0.8483412322274881,0.8102564102564103,0.659439608583773,0.9019493177387914,0.8928644093455195,0.4756914476553599,406,190,216,0.46798029556650245,0.8118811881188119,0.8110119047619048,0.53125,0.8095238095238095,0.8095238095238095,0.6415094339622641,0.8125,0.9420289855072463,0.53125,0.5425779183977,0.9017857142857143,0.7523543033473141,0.4515496165706561,101,21,80,0.2079207920792079
18,4,0.4684135785289839,0.46881918207957196,0.8399014778325123,0.8398300970873787,0.8391959798994975,0.835,0.835,0.8370927318295739,0.8446601941747572,0.8405797101449275,0.8391959798994975,0.6797179396564972,0.9074029126213591,0.90314525374807,0.4684135785289839,406,200,206,0.49261083743842365,0.8118811881188119,0.8110119047619048,0.53125,0.8095238095238095,0.8095238095238095,0.6415094339622641,0.8125,0.9420289855072463,0.53125,0.5425779183977,0.9095238095238095,0.765620454834145,0.46881918207957196,101,21,80,0.2079207920792079
19,4,0.4513433734868087,0.4611683596785252,0.8497536945812808,0.849646784647877,0.8509615384615384,0.855072463768116,0.855072463768116,0.8530120481927711,0.8442211055276382,0.8484848484848485,0.8509615384615384,0.6993699739470934,0.9194280581652222,0.9233999096261022,0.4513433734868087,406,207,199,0.5098522167487685,0.8118811881188119,0.8110119047619048,0.53125,0.8095238095238095,0.8095238095238095,0.6415094339622641,0.8125,0.9420289855072463,0.53125,0.5425779183977,0.906547619047619,0.7625432398646688,0.4611683596785252,101,21,80,0.2079207920792079
20,4,0.46572900139818,0.4540190834265489,0.8522167487684729,0.8522994782186628,0.8606965174129353,0.8439024390243902,0.8439024390243902,0.8522167487684729,0.8606965174129353,0.8439024390243902,0.8606965174129353,0.7045989564373256,0.9043562674432715,0.8943585196972003,0.46572900139818,406,205,201,0.5049261083743842,0.8118811881188119,0.8110119047619048,0.53125,0.8095238095238095,0.8095238095238095,0.6415094339622641,0.8125,0.9420289855072463,0.53125,0.5425779183977,0.9077380952380952,0.7642756205301879,0.4540190834265489,101,21,80,0.2079207920792079
21,4,0.43181627784289567,0.43958138674497604,0.8694581280788177,0.8684467560374087,0.8602150537634409,0.8556149732620321,0.8556149732620321,0.8579088471849866,0.8812785388127854,0.8772727272727273,0.8602150537634409,0.7371905866734911,0.9285522428149342,0.9261790986446219,0.43181627784289567,406,187,219,0.4605911330049261,0.8118811881188119,0.8110119047619048,0.53125,0.8095238095238095,0.8095238095238095,0.6415094339622641,0.8125,0.9420289855072463,0.53125,0.5425779183977,0.906547619047619,0.7610278868495548,0.43958138674497604,101,21,80,0.2079207920792079
22,4,0.4309859966822699,0.4443331968325835,0.8448275862068966,0.8442566990954088,0.8315789473684211,0.8359788359788359,0.8359788359788359,0.8337730870712401,0.8525345622119815,0.8564814814814815,0.8315789473684211,0.6882868762573333,0.9307780459854192,0.930852790869996,0.4309859966822699,406,189,217,0.46551724137931033,0.8217821782178217,0.8172619047619047,0.5483870967741935,0.8095238095238095,0.8095238095238095,0.6538461538461539,0.825,0.9428571428571428,0.5483870967741935,0.5583065164741522,0.9053571428571429,0.7567938558804679,0.4443331968325835,101,21,80,0.2079207920792079
23,4,0.43271686574992013,0.44347108327425444,0.8571428571428571,0.8566919191919191,0.8645833333333334,0.8383838383838383,0.8383838383838383,0.8512820512820513,0.875,0.8504672897196262,0.8645833333333334,0.7142167444916672,0.927763209013209,0.9014398118369961,0.43271686574992013,406,198,208,0.4876847290640394,0.8217821782178217,0.8172619047619047,0.5483870967741935,0.8095238095238095,0.8095238095238095,0.6538461538461539,0.825,0.9428571428571428,0.5483870967741935,0.5583065164741522,0.907142857142857,0.7624572740514772,0.44347108327425444,101,21,80,0.2079207920792079
24,4,0.4248535787942363,0.4406281996231813,0.8719211822660099,0.8748685336920632,0.8275862068965517,0.9081081081081082,0.9081081081081082,0.865979381443299,0.8416289592760181,0.916256157635468,0.8275862068965517,0.7467838997864849,0.932493579552403,0.8963844805880906,0.4248535787942363,406,185,221,0.45566502463054187,0.8217821782178217,0.8172619047619047,0.5483870967741935,0.8095238095238095,0.8095238095238095,0.6538461538461539,0.825,0.9428571428571428,0.5483870967741935,0.5583065164741522,0.9077380952380952,0.7805373783854834,0.4406281996231813,101,21,80,0.2079207920792079
25,4,0.439652120365816,0.4486963124229358,0.8669950738916257,0.8653353814644138,0.8654708520179372,0.8894009216589862,0.8894009216589862,0.8772727272727273,0.8412698412698413,0.8688524590163934,0.8654708520179372,0.7324947603292989,0.9180747567844343,0.9159535837571635,0.439652120365816,406,217,189,0.5344827586206896,0.801980198019802,0.8047619047619048,0.5151515151515151,0.8095238095238095,0.8095238095238095,0.6296296296296297,0.8,0.9411764705882353,0.5151515151515151,0.5273924271929009,0.9107142857142857,0.7763767414502711,0.4486963124229358,101,21,80,0.2079207920792079
26,4,0.39017244881274654,0.43148313348109907,0.8990147783251231,0.898883495145631,0.8947368421052632,0.9077669902912622,0.9077669902912622,0.9012048192771084,0.89,0.9035532994923858,0.8947368421052632,0.798028523075173,0.9519417475728156,0.9462377387976364,0.39017244881274654,406,206,200,0.5073891625615764,0.8415841584158416,0.8297619047619047,0.5862068965517241,0.8095238095238095,0.8095238095238095,0.68,0.85,0.9444444444444444,0.5862068965517241,0.5915887033596156,0.9107142857142858,0.7841794415576433,0.43148313348109907,101,21,80,0.2079207920792079
27,4,0.4369555485307002,0.4463139789608809,0.8645320197044335,0.8592760180995476,0.8458333333333333,0.918552036199095,0.918552036199095,0.8806941431670282,0.8,0.891566265060241,0.8458333333333333,0.7279148184493139,0.9210957563898742,0.9223860134637005,0.4369555485307002,406,221,185,0.5443349753694581,0.801980198019802,0.8047619047619048,0.5151515151515151,0.8095238095238095,0.8095238095238095,0.6296296296296297,0.8,0.9411764705882353,0.5151515151515151,0.5273924271929009,0.9101190476190476,0.7784133026631845,0.4463139789608809,101,21,80,0.2079207920792079
28,4,0.40567654356652616,0.43635806154746276,0.8817733990147784,0.8827638239875389,0.8564356435643564,0.9010416666666666,0.9010416666666666,0.8781725888324873,0.8644859813084113,0.9068627450980392,0.8564356435643564,0.7644122056690948,0.9431220794392523,0.9190299074975556,0.40567654356652616,406,192,214,0.4729064039408867,0.8118811881188119,0.8110119047619048,0.53125,0.8095238095238095,0.8095238095238095,0.6415094339622641,0.8125,0.9420289855072463,0.53125,0.5425779183977,0.9041666666666667,0.7670781706490721,0.43635806154746276,101,21,80,0.2079207920792079
29,4,0.382096039313896,0.42896416095586926,0.9187192118226601,0.9187192118226601,0.897196261682243,0.9458128078817734,0.9458128078817734,0.920863309352518,0.8916256157635468,0.9427083333333334,0.897196261682243,0.8386706028365996,0.956077555873717,0.9450487445190815,0.382096039313896,406,203,203,0.5,0.8217821782178217,0.8172619047619047,0.5483870967741935,0.8095238095238095,0.8095238095238095,0.6538461538461539,0.825,0.9428571428571428,0.5483870967741935,0.5583065164741522,0.9053571428571429,0.7611447253069197,0.42896416095586926,101,21,80,0.2079207920792079
30,4,0.39803096739684835,0.44367060982264006,0.8719211822660099,0.8719423412929528,0.8762376237623762,0.8676470588235294,0.8676470588235294,0.8719211822660099,0.8762376237623762,0.8676470588235294,0.8762376237623762,0.7438846825859057,0.9472189866045428,0.9500620244406793,0.39803096739684835,406,204,202,0.5024630541871922,0.8118811881188119,0.8110119047619048,0.53125,0.8095238095238095,0.8095238095238095,0.6415094339622641,0.8125,0.9420289855072463,0.53125,0.5425779183977,0.9047619047619048,0.7629931665154008,0.44367060982264006,101,21,80,0.2079207920792079
31,4,0.39918916365679574,0.4451640683871049,0.8990147783251231,0.8993154176680505,0.883495145631068,0.914572864321608,0.914572864321608,0.8987654320987655,0.8840579710144928,0.915,0.883495145631068,0.7985629876015801,0.9482679095962906,0.9280669171286087,0.39918916365679574,406,199,207,0.49014778325123154,0.8118811881188119,0.8110119047619048,0.53125,0.8095238095238095,0.8095238095238095,0.6415094339622641,0.8125,0.9420289855072463,0.53125,0.5425779183977,0.9053571428571429,0.7682280875397955,0.4451640683871049,101,21,80,0.2079207920792079
32,4,0.3855746378209077,0.43973648433501905,0.8990147783251231,0.9017961448598131,0.8511627906976744,0.953125,0.953125,0.8992628992628993,0.8504672897196262,0.9528795811518325,0.8511627906976744,0.8038172992827066,0.9563619548286605,0.9224290628525543,0.3855746378209077,406,192,214,0.4729064039408867,0.8316831683168316,0.8235119047619048,0.5666666666666667,0.8095238095238095,0.8095238095238095,0.6666666666666666,0.8375,0.9436619718309859,0.5666666666666667,0.5746257736908867,0.9005952380952381,0.76235296851184,0.43973648433501905,101,21,80,0.2079207920792079
33,4,0.3991814083328434,0.44040297315670895,0.8916256157635468,0.8916666666666666,0.8838383838383839,0.8928571428571429,0.8928571428571429,0.8883248730964467,0.8904761904761904,0.8990384615384616,0.8838383838383839,0.783105056093069,0.943877551020408,0.9297373189158824,0.3991814083328434,406,196,210,0.4827586206896552,0.8217821782178217,0.8172619047619047,0.5483870967741935,0.8095238095238095,0.8095238095238095,0.6538461538461539,0.825,0.9428571428571428,0.5483870967741935,0.5583065164741522,0.8988095238095237,0.7545259304096577,0.44040297315670895,101,21,80,0.2079207920792079
34,4,0.37941327588815316,0.4643168655725626,0.874384236453202,0.8736089030206677,0.8863636363636364,0.8823529411764706,0.8823529411764706,0.8843537414965986,0.8648648648648649,0.8602150537634409,0.8863636363636364,0.7468981797232932,0.9588846765317354,0.9633710538436684,0.37941327588815316,406,221,185,0.5443349753694581,0.8118811881188119,0.8110119047619048,0.53125,0.8095238095238095,0.8095238095238095,0.6415094339622641,0.8125,0.9420289855072463,0.53125,0.5425779183977,0.9023809523809524,0.7668878429927191,0.4643168655725626,101,21,80,0.2079207920792079
35,4,0.3618092122031193,0.44580306857824326,0.9261083743842364,0.9267006802721088,0.9068627450980392,0.9438775510204082,0.9438775510204082,0.925,0.9095238095238095,0.9455445544554455,0.9068627450980392,0.8529041852264335,0.9648202137998056,0.9483245642195127,0.3618092122031193,406,196,210,0.4827586206896552,0.8118811881188119,0.8110119047619048,0.53125,0.8095238095238095,0.8095238095238095,0.6415094339622641,0.8125,0.9420289855072463,0.53125,0.5425779183977,0.9,0.7603755294006043,0.44580306857824326,101,21,80,0.2079207920792079
36,4,0.37615705617502626,0.4535229865175027,0.9064039408866995,0.9057017543859649,0.908256880733945,0.9166666666666666,0.9166666666666666,0.9124423963133641,0.8947368421052632,0.9042553191489362,0.908256880733945,0.8119576650940424,0.9560672514619883,0.9606856605304148,0.37615705617502626,406,216,190,0.5320197044334976,0.8118811881188119,0.8110119047619048,0.53125,0.8095238095238095,0.8095238095238095,0.6415094339622641,0.8125,0.9420289855072463,0.53125,0.5425779183977,0.9,0.7607794274433355,0.4535229865175027,101,21,80,0.2079207920792079
37,4,0.38218778780862395,0.4547744691371918,0.896551724137931,0.8957116433021808,0.8944954128440367,0.9112149532710281,0.9112149532710281,0.9027777777777778,0.8802083333333334,0.898936170212766,0.8944954128440367,0.7924267986120334,0.9509102414330218,0.9468747614328915,0.38218778780862395,406,214,192,0.5270935960591133,0.801980198019802,0.8047619047619048,0.5151515151515151,0.8095238095238095,0.8095238095238095,0.6296296296296297,0.8,0.9411764705882353,0.5151515151515151,0.5273924271929009,0.8994047619047619,0.7629295480876279,0.4547744691371918,101,21,80,0.2079207920792079
38,4,0.3480972824435608,0.43826922946251357,0.9236453201970444,0.9228201051730464,0.9184782608695652,0.9135135135135135,0.9135135135135135,0.9159891598915989,0.9321266968325792,0.9279279279279279,0.9184782608695652,0.8460231128834168,0.969866699278464,0.9682797352186674,0.3480972824435608,406,185,221,0.45566502463054187,0.7920792079207921,0.7633928571428572,0.5,0.7142857142857143,0.7142857142857143,0.5882352941176471,0.8125,0.9154929577464789,0.5,0.467841591275469,0.8988095238095237,0.7710286961489865,0.43826922946251357,101,21,80,0.2079207920792079
39,4,0.39283884959478005,0.43659134610341144,0.896551724137931,0.8962989928406747,0.8790697674418605,0.9219512195121952,0.9219512195121952,0.9,0.8706467661691543,0.9162303664921466,0.8790697674418605,0.7939479102360565,0.9453949763378231,0.9363354385453289,0.39283884959478005,406,205,201,0.5049261083743842,0.8118811881188119,0.7934523809523809,0.5333333333333333,0.7619047619047619,0.7619047619047619,0.6274509803921569,0.825,0.9295774647887324,0.5333333333333333,0.5212336824831779,0.8976190476190475,0.7686454859062153,0.43659134610341144,101,21,80,0.2079207920792079
40,4,0.3669054961087657,0.4493052770312016,0.9113300492610837,0.911119257086999,0.9220183486238532,0.9136363636363637,0.9136363636363637,0.9178082191780822,0.9086021505376344,0.898936170212766,0.9220183486238532,0.8215962656759409,0.9628054740957968,0.9639414029069643,0.3669054961087657,406,220,186,0.541871921182266,0.8118811881188119,0.8110119047619048,0.53125,0.8095238095238095,0.8095238095238095,0.6415094339622641,0.8125,0.9420289855072463,0.53125,0.5425779183977,0.8982142857142856,0.7661335575071784,0.4493052770312016,101,21,80,0.2079207920792079
41,4,0.3677237041148485,0.449091116969402,0.9187192118226601,0.9187361930425072,0.9223300970873787,0.9178743961352657,0.9178743961352657,0.9200968523002422,0.9195979899497487,0.915,0.9223300970873787,0.8374012385640255,0.9578811934066468,0.9544824459067776,0.3677237041148485,406,207,199,0.5098522167487685,0.8118811881188119,0.8110119047619048,0.53125,0.8095238095238095,0.8095238095238095,0.6415094339622641,0.8125,0.9420289855072463,0.53125,0.5425779183977,0.8982142857142856,0.7769858971922707,0.449091116969402,101,21,80,0.2079207920792079
42,4,0.3710864678609605,0.45517608294120204,0.896551724137931,0.896355076684139,0.8681818181818182,0.9362745098039216,0.9362745098039216,0.9009433962264151,0.8564356435643564,0.9301075268817204,0.8681818181818182,0.7954948580334004,0.9610027179188507,0.9385316904432985,0.3710864678609605,406,204,202,0.5024630541871922,0.801980198019802,0.7872023809523809,0.5161290322580645,0.7619047619047619,0.7619047619047619,0.6153846153846154,0.8125,0.9285714285714286,0.5161290322580645,0.5054088071271641,0.8994047619047618,0.7659953915795388,0.45517608294120204,101,21,80,0.2079207920792079
43,4,0.3723356092677397,0.44282619139322865,0.9088669950738916,0.9087555814404971,0.892018779342723,0.9313725490196079,0.9313725490196079,0.9112709832134293,0.8861386138613861,0.927461139896373,0.892018779342723,0.8184949491198932,0.9589400116482236,0.9507048129875216,0.3723356092677397,406,204,202,0.5024630541871922,0.7920792079207921,0.7633928571428572,0.5,0.7142857142857143,0.7142857142857143,0.5882352941176471,0.8125,0.9154929577464789,0.5,0.467841591275469,0.8988095238095237,0.7760846409545026,0.44282619139322865,101,21,80,0.2079207920792079
44,4,0.36331365768815954,0.4426237172805346,0.9088669950738916,0.9085911903895159,0.8888888888888888,0.9365853658536586,0.9365853658536586,0.9121140142517815,0.8805970149253731,0.9315789473684211,0.8888888888888888,0.8188234606955087,0.9637665331877199,0.9634385830367067,0.36331365768815954,406,205,201,0.5049261083743842,0.7920792079207921,0.7633928571428572,0.5,0.7142857142857143,0.7142857142857143,0.5882352941176471,0.8125,0.9154929577464789,0.5,0.467841591275469,0.8964285714285714,0.773375624947821,0.4426237172805346,101,21,80,0.2079207920792079
1,5,0.6981332807564268,0.6881423477943127,0.5566502463054187,0.5564805825242718,0.5505050505050505,0.545,0.545,0.5477386934673367,0.5679611650485437,0.5625,0.5505050505050505,0.11298310564602138,0.5760922330097087,0.531339038133035,0.6981332807564268,406,200,206,0.49261083743842365,0.6435643564356436,0.6169642857142856,0.3076923076923077,0.5714285714285714,0.5714285714285714,0.4,0.6625,0.8548387096774194,0.3076923076923077,0.19498884251703372,0.6095238095238095,0.3414832523330922,0.6881423477943127,101,21,80,0.2079207920792079
2,5,0.6824086521770439,0.6718329535080836,0.5714285714285714,0.5693877551020408,0.5789473684210527,0.6285714285714286,0.6285714285714286,0.6027397260273972,0.5102040816326531,0.5617977528089888,0.5789473684210527,0.13975684601276003,0.608357628765792,0.6185281464198934,0.6824086521770439,406,210,196,0.5172413793103449,0.7128712871287128,0.6607142857142857,0.375,0.5714285714285714,0.5714285714285714,0.4528301886792453,0.75,0.8695652173913043,0.375,0.2803751922820651,0.6333333333333333,0.39300626114832204,0.6718329535080836,101,21,80,0.2079207920792079
3,5,0.6464439747380275,0.6854035349992605,0.6280788177339901,0.6274973903333091,0.6296296296296297,0.6570048309178744,0.6570048309178744,0.6430260047281324,0.5979899497487438,0.6263157894736842,0.6296296296296297,0.2554696577029749,0.6955065180977351,0.6859333361376871,0.6464439747380275,406,207,199,0.5098522167487685,0.6138613861386139,0.5982142857142857,0.2857142857142857,0.5714285714285714,0.5714285714285714,0.38095238095238093,0.625,0.847457627118644,0.2857142857142857,0.16173672616997858,0.6375,0.4324818785973218,0.6854035349992605,101,21,80,0.2079207920792079
4,5,0.6208663723048042,0.6268302041750687,0.7118226600985221,0.7125242718446603,0.6877828054298643,0.76,0.76,0.7220902612826603,0.6650485436893204,0.7405405405405405,0.6877828054298643,0.4266828030667014,0.7566504854368933,0.7138326378776545,0.6208663723048042,406,200,206,0.49261083743842365,0.7920792079207921,0.7107142857142856,0.5,0.5714285714285714,0.5714285714285714,0.5333333333333333,0.85,0.8831168831168831,0.5,0.40181637689635674,0.6863095238095238,0.44714342913513333,0.6268302041750687,101,21,80,0.2079207920792079
5,5,0.5780469979725632,0.6302728584179511,0.7339901477832512,0.7330602491892815,0.7534883720930232,0.7465437788018433,0.7465437788018433,0.75,0.7195767195767195,0.7120418848167539,0.7534883720930232,0.4658252841582193,0.8074756784434204,0.813899292817952,0.5780469979725632,406,217,189,0.5344827586206896,0.7920792079207921,0.7458333333333333,0.5,0.6666666666666666,0.6666666666666666,0.5714285714285714,0.825,0.9041095890410958,0.5,0.4457434403464309,0.7285714285714286,0.4782546003610641,0.6302728584179511,101,21,80,0.2079207920792079
6,5,0.5678428805926267,0.5914305310982925,0.7660098522167488,0.765190687738208,0.7522522522522522,0.8067632850241546,0.8067632850241546,0.7785547785547785,0.7236180904522613,0.782608695652174,0.7522522522522522,0.532616452278907,0.8256742650450319,0.8023721960331652,0.5678428805926267,406,207,199,0.5098522167487685,0.801980198019802,0.7169642857142857,0.5217391304347826,0.5714285714285714,0.5714285714285714,0.5454545454545454,0.8625,0.8846153846153846,0.5217391304347826,0.4199152702739792,0.7261904761904763,0.499758378028367,0.5914305310982925,101,21,80,0.2079207920792079
7,5,0.559935349167562,0.5776946865595304,0.7364532019704434,0.7372330097087378,0.7704918032786885,0.6844660194174758,0.6844660194174758,0.7249357326478149,0.79,0.7085201793721974,0.7704918032786885,0.476733582477298,0.823495145631068,0.833478321880846,0.559935349167562,406,206,200,0.5073891625615764,0.7920792079207921,0.7107142857142856,0.5,0.5714285714285714,0.5714285714285714,0.5333333333333333,0.85,0.8831168831168831,0.5,0.40181637689635674,0.7357142857142858,0.48930236424914275,0.5776946865595304,101,21,80,0.2079207920792079
8,5,0.5467350950428084,0.5679117360940347,0.7684729064039408,0.7683072062218981,0.7799043062200957,0.7725118483412322,0.7725118483412322,0.7761904761904762,0.764102564102564,0.7563451776649747,0.7799043062200957,0.5364319171323384,0.8361647830842143,0.8429659511213364,0.5467350950428084,406,211,195,0.5197044334975369,0.8118811881188119,0.7583333333333333,0.5384615384615384,0.6666666666666666,0.6666666666666666,0.5957446808510638,0.85,0.9066666666666666,0.5384615384615384,0.4795653302553324,0.7601190476190476,0.5377613049847371,0.5679117360940347,101,21,80,0.2079207920792079
9,5,0.524724050187597,0.5371387348725245,0.7906403940886699,0.7899366471734892,0.774869109947644,0.7789473684210526,0.7789473684210526,0.7769028871391076,0.8009259259259259,0.8046511627906977,0.774869109947644,0.5796967566699349,0.8632797270955165,0.8186619769370175,0.524724050187597,406,190,216,0.46798029556650245,0.8415841584158416,0.7770833333333333,0.6086956521739131,0.6666666666666666,0.6666666666666666,0.6363636363636364,0.8875,0.9102564102564102,0.6086956521739131,0.5362703931756854,0.7779761904761905,0.5629168789076475,0.5371387348725245,101,21,80,0.2079207920792079
10,5,0.4953998803508048,0.5303030071350244,0.8275862068965517,0.8267347186778466,0.8306878306878307,0.8051282051282052,0.8051282051282052,0.8177083333333334,0.8483412322274881,0.8248847926267281,0.8306878306878307,0.6545201855582152,0.89080082634585,0.8740697903120053,0.4953998803508048,406,195,211,0.4802955665024631,0.8415841584158416,0.7770833333333333,0.6086956521739131,0.6666666666666666,0.6666666666666666,0.6363636363636364,0.8875,0.9102564102564102,0.6086956521739131,0.5362703931756854,0.7821428571428573,0.5656660297585918,0.5303030071350244,101,21,80,0.2079207920792079
11,5,0.5182381059024849,0.5156274288892746,0.7807881773399015,0.7808150972724843,0.77,0.7817258883248731,0.7817258883248731,0.7758186397984886,0.7799043062200957,0.7912621359223301,0.77,0.5614461350733327,0.8608068394336095,0.8459667700395472,0.5182381059024849,406,197,209,0.4852216748768473,0.8514851485148515,0.7657738095238096,0.65,0.6190476190476191,0.6190476190476191,0.6341463414634146,0.9125,0.9012345679012346,0.65,0.5413015999465034,0.7797619047619048,0.5757233362819141,0.5156274288892746,101,21,80,0.2079207920792079
12,5,0.5024151070153012,0.5129801653898679,0.8078817733990148,0.8084223300970874,0.8368421052631579,0.7718446601941747,0.7718446601941747,0.803030303030303,0.845,0.7824074074074074,0.8368421052631579,0.6180459167559341,0.8841990291262136,0.8941777465956728,0.5024151070153012,406,206,200,0.5073891625615764,0.8613861386138614,0.7895833333333333,0.6666666666666666,0.6666666666666666,0.6666666666666666,0.6666666666666666,0.9125,0.9125,0.6666666666666666,0.5791666666666667,0.7946428571428571,0.6031437635983286,0.5129801653898679,101,21,80,0.2079207920792079
13,5,0.46931006627924304,0.5133763167720574,0.8423645320197044,0.842433508056688,0.8535353535353535,0.8284313725490197,0.8284313725490197,0.8407960199004975,0.8564356435643564,0.8317307692307693,0.8535353535353535,0.685066540375763,0.9065230052417006,0.9009239693867609,0.46931006627924304,406,204,202,0.5024630541871922,0.8514851485148515,0.7657738095238096,0.65,0.6190476190476191,0.6190476190476191,0.6341463414634146,0.9125,0.9012345679012346,0.65,0.5413015999465034,0.7880952380952382,0.5727121049162802,0.5133763167720574,101,21,80,0.2079207920792079
14,5,0.4573252820501141,0.5325782115642841,0.8719211822660099,0.8702054127725857,0.8616071428571429,0.9018691588785047,0.9018691588785047,0.8812785388127854,0.8385416666666666,0.8846153846153846,0.8616071428571429,0.7433109965595412,0.9131376557632399,0.905618928683446,0.4573252820501141,406,214,192,0.5270935960591133,0.8217821782178217,0.7645833333333334,0.56,0.6666666666666666,0.6666666666666666,0.6086956521739131,0.8625,0.9078947368421053,0.56,0.49758848283055557,0.7910714285714286,0.5912160859924087,0.5325782115642841,101,21,80,0.2079207920792079
15,5,0.44466454477286804,0.5282528194097372,0.8571428571428571,0.8570665890118423,0.8476190476190476,0.8725490196078431,0.8725490196078431,0.8599033816425121,0.8415841584158416,0.8673469387755102,0.8476190476190476,0.7145494608792201,0.9212046204620463,0.9262560706983806,0.44466454477286804,406,204,202,0.5024630541871922,0.8118811881188119,0.7407738095238096,0.5416666666666666,0.6190476190476191,0.6190476190476191,0.5777777777777777,0.8625,0.8961038961038961,0.5416666666666666,0.45913763970219296,0.7964285714285715,0.6053816234109122,0.5282528194097372,101,21,80,0.2079207920792079
16,5,0.4436947748649354,0.509663425385952,0.8399014778325123,0.8397883906037662,0.8262910798122066,0.8627450980392157,0.8627450980392157,0.8441247002398081,0.8168316831683168,0.8549222797927462,0.8262910798122066,0.6803945783410558,0.9184867016113376,0.918088500628563,0.4436947748649354,406,204,202,0.5024630541871922,0.8415841584158416,0.7595238095238095,0.6190476190476191,0.6190476190476191,0.6190476190476191,0.6190476190476191,0.9,0.9,0.6190476190476191,0.5190476190476191,0.8023809523809524,0.6198904242956154,0.509663425385952,101,21,80,0.2079207920792079
17,5,0.3951685127674365,0.5219924730750231,0.8916256157635468,0.8899381868131868,0.8982300884955752,0.90625,0.90625,0.9022222222222223,0.8736263736263736,0.8833333333333333,0.8982300884955752,0.7807194420372461,0.9527815934065934,0.9569317560558294,0.3951685127674365,406,224,182,0.5517241379310345,0.8316831683168316,0.7532738095238095,0.5909090909090909,0.6190476190476191,0.6190476190476191,0.6046511627906976,0.8875,0.8987341772151899,0.5909090909090909,0.4980237259920951,0.8053571428571428,0.6174369788712426,0.5219924730750231,101,21,80,0.2079207920792079
18,5,0.41750556551942636,0.5129924445198133,0.8571428571428571,0.8571428571428572,0.8341013824884793,0.8916256157635468,0.8916256157635468,0.861904761904762,0.8226600985221675,0.8835978835978836,0.8341013824884793,0.7159904558852936,0.9383387124171905,0.9442782164628785,0.41750556551942636,406,203,203,0.5,0.8514851485148515,0.7833333333333333,0.6363636363636364,0.6666666666666666,0.6666666666666666,0.6511627906976745,0.9,0.9113924050632911,0.6363636363636364,0.5571311247291122,0.8023809523809524,0.6190795539858913,0.5129924445198133,101,21,80,0.2079207920792079
19,5,0.42671386152505875,0.5004957169294357,0.8522167487684729,0.8543328146275044,0.8101851851851852,0.9020618556701031,0.9020618556701031,0.8536585365853658,0.8066037735849056,0.9,0.8101851851851852,0.7094250003677938,0.933451663100564,0.9348718024638859,0.42671386152505875,406,194,212,0.47783251231527096,0.8514851485148515,0.7657738095238096,0.65,0.6190476190476191,0.6190476190476191,0.6341463414634146,0.9125,0.9012345679012346,0.65,0.5413015999465034,0.8011904761904762,0.6204876388375551,0.5004957169294357,101,21,80,0.2079207920792079
20,5,0.4626326653010705,0.4950054339491404,0.8349753694581281,0.8345388349514563,0.8202764976958525,0.8640776699029126,0.8640776699029126,0.8416075650118203,0.805,0.8518518518518519,0.8202764976958525,0.6706012749697605,0.902621359223301,0.8844133628999464,0.4626326653010705,406,206,200,0.5073891625615764,0.8613861386138614,0.8071428571428572,0.6521739130434783,0.7142857142857143,0.7142857142857143,0.6818181818181818,0.9,0.9230769230769231,0.6521739130434783,0.5944479546265384,0.8089285714285714,0.6365496276115838,0.4950054339491404,101,21,80,0.2079207920792079
21,5,0.38785435639175714,0.49248423885840636,0.9137931034482759,0.9135194174757282,0.9014084507042254,0.9320388349514563,0.9320388349514563,0.9164677804295943,0.895,0.927461139896373,0.9014084507042254,0.8279537067596289,0.9589077669902913,0.9621822651242945,0.38785435639175714,406,206,200,0.5073891625615764,0.8415841584158416,0.7595238095238095,0.6190476190476191,0.6190476190476191,0.6190476190476191,0.6190476190476191,0.9,0.9,0.6190476190476191,0.5190476190476191,0.8125,0.6397875026258308,0.49248423885840636,101,21,80,0.2079207920792079
22,5,0.3965190298417035,0.4927359613088461,0.9064039408866995,0.905687859587794,0.8823529411764706,0.9420289855072463,0.9420289855072463,0.9112149532710281,0.8693467336683417,0.9351351351351351,0.8823529411764706,0.8144261635254586,0.9473454227660039,0.9358024581197657,0.3965190298417035,406,207,199,0.5098522167487685,0.8415841584158416,0.7595238095238095,0.6190476190476191,0.6190476190476191,0.6190476190476191,0.6190476190476191,0.9,0.9,0.6190476190476191,0.5190476190476191,0.8077380952380951,0.6344771736159343,0.4927359613088461,101,21,80,0.2079207920792079
23,5,0.41407695441853765,0.5012669695111421,0.8842364532019704,0.8836198523698524,0.8709677419354839,0.9086538461538461,0.9086538461538461,0.8894117647058823,0.8585858585858586,0.8994708994708994,0.8709677419354839,0.7688375093299576,0.9351204351204352,0.924451629661332,0.41407695441853765,406,208,198,0.5123152709359606,0.8217821782178217,0.7645833333333334,0.56,0.6666666666666666,0.6666666666666666,0.6086956521739131,0.8625,0.9078947368421053,0.56,0.49758848283055557,0.8089285714285714,0.6122080597334731,0.5012669695111421,101,21,80,0.2079207920792079
24,5,0.38790952224357456,0.49309989179556185,0.8817733990147784,0.8833394094057602,0.8450704225352113,0.9230769230769231,0.9230769230769231,0.8823529411764706,0.8436018957345972,0.9222797927461139,0.8450704225352113,0.7670144435841167,0.954964151172682,0.9457152144858693,0.38790952224357456,406,195,211,0.4802955665024631,0.8415841584158416,0.7595238095238095,0.6190476190476191,0.6190476190476191,0.6190476190476191,0.6190476190476191,0.9,0.9,0.6190476190476191,0.5190476190476191,0.8095238095238095,0.6315410429833987,0.49309989179556185,101,21,80,0.2079207920792079
25,5,0.39696697423271105,0.4977406154458339,0.896551724137931,0.896551724137931,0.8851674641148325,0.9113300492610837,0.9113300492610837,0.8980582524271845,0.8817733990147784,0.9086294416243654,0.8851674641148325,0.7934501012492641,0.945351743551166,0.9448660742208486,0.39696697423271105,406,203,203,0.5,0.8316831683168316,0.7708333333333333,0.5833333333333334,0.6666666666666666,0.6666666666666666,0.6222222222222222,0.875,0.9090909090909091,0.5833333333333334,0.5164589025080292,0.8148809523809524,0.6384737832706242,0.4977406154458339,101,21,80,0.2079207920792079
26,5,0.4313920908698849,0.4899606423882338,0.8719211822660099,0.8772482893450635,0.8101851851851852,0.9408602150537635,0.9408602150537635,0.8706467661691543,0.8136363636363636,0.9421052631578948,0.8101851851851852,0.7533927060014025,0.9321358748778104,0.9135520479220329,0.4313920908698849,406,186,220,0.458128078817734,0.8415841584158416,0.7419642857142856,0.631578947368421,0.5714285714285714,0.5714285714285714,0.6,0.9125,0.8902439024390244,0.631578947368421,0.5025186426851277,0.8095238095238095,0.6371146715495375,0.4899606423882338,101,21,80,0.2079207920792079
27,5,0.393657625598066,0.4989765091584279,0.9014778325123153,0.9029727095516569,0.9313725490196079,0.8796296296296297,0.8796296296296297,0.9047619047619048,0.9263157894736842,0.8712871287128713,0.9313725490196079,0.8043008705499664,0.9487816764132553,0.9584806202388768,0.393657625598066,406,216,190,0.5320197044334976,0.8217821782178217,0.7470238095238095,0.5652173913043478,0.6190476190476191,0.6190476190476191,0.5909090909090909,0.875,0.8974358974358975,0.5652173913043478,0.47809283172483225,0.8136904761904762,0.6315704856160371,0.4989765091584279,101,21,80,0.2079207920792079
28,5,0.3694126015784694,0.49386679037259174,0.896551724137931,0.8982345062705467,0.8634146341463415,0.9267015706806283,0.9267015706806283,0.8939393939393939,0.8697674418604651,0.9303482587064676,0.8634146341463415,0.7951148014357666,0.9634968951662,0.9590488614237052,0.3694126015784694,406,191,215,0.47044334975369456,0.8415841584158416,0.7770833333333333,0.6086956521739131,0.6666666666666666,0.6666666666666666,0.6363636363636364,0.8875,0.9102564102564102,0.6086956521739131,0.5362703931756854,0.8125,0.6402611308561448,0.49386679037259174,101,21,80,0.2079207920792079
29,5,0.3650808557868004,0.5026367295246857,0.8990147783251231,0.8949253070164644,0.8940677966101694,0.9295154185022027,0.9295154185022027,0.9114470842332614,0.8603351955307262,0.9058823529411765,0.8940677966101694,0.7948843417874476,0.9630595821130609,0.9604992306209146,0.3650808557868004,406,227,179,0.5591133004926109,0.8217821782178217,0.7470238095238095,0.5652173913043478,0.6190476190476191,0.6190476190476191,0.5909090909090909,0.875,0.8974358974358975,0.5652173913043478,0.47809283172483225,0.8136904761904762,0.6356289587681658,0.5026367295246857,101,21,80,0.2079207920792079
30,5,0.3854047940934406,0.5032492102338717,0.9113300492610837,0.9114670549690571,0.8985507246376812,0.9253731343283582,0.9253731343283582,0.9117647058823529,0.8975609756097561,0.9246231155778895,0.8985507246376812,0.8230539663485865,0.9523116126683654,0.935474079090866,0.3854047940934406,406,201,205,0.49507389162561577,0.8415841584158416,0.7595238095238095,0.6190476190476191,0.6190476190476191,0.6190476190476191,0.6190476190476191,0.9,0.9,0.6190476190476191,0.5190476190476191,0.8136904761904762,0.6370450335506754,0.5032492102338717,101,21,80,0.2079207920792079
31,5,0.3971014801485866,0.5088475151703908,0.8916256157635468,0.8913170163170163,0.8867924528301887,0.9038461538461539,0.9038461538461539,0.8952380952380953,0.8787878787878788,0.8969072164948454,0.8867924528301887,0.7831666697311686,0.9453914141414141,0.9386473968673765,0.3971014801485866,406,208,198,0.5123152709359606,0.8316831683168316,0.7532738095238095,0.5909090909090909,0.6190476190476191,0.6190476190476191,0.6046511627906976,0.8875,0.8987341772151899,0.5909090909090909,0.4980237259920951,0.8095238095238096,0.6303576058170743,0.5088475151703908,101,21,80,0.2079207920792079
32,5,0.35157210861935334,0.507225245810472,0.9261083743842364,0.9283813151661662,0.8905472636815921,0.9572192513368984,0.9572192513368984,0.9226804123711341,0.8995433789954338,0.9609756097560975,0.8905472636815921,0.8541387339505336,0.9703562620565038,0.9402747453847197,0.35157210861935334,406,187,219,0.4605911330049261,0.8415841584158416,0.7419642857142856,0.631578947368421,0.5714285714285714,0.5714285714285714,0.6,0.9125,0.8902439024390244,0.631578947368421,0.5025186426851277,0.805952380952381,0.625539253974913,0.507225245810472,101,21,80,0.2079207920792079
33,5,0.3743832583228747,0.5054814528960448,0.9064039408866995,0.904959984431633,0.8923766816143498,0.9342723004694836,0.9342723004694836,0.9128440366972477,0.8756476683937824,0.9234972677595629,0.8923766816143498,0.8128915079352651,0.9571140139628792,0.9508408960441698,0.3743832583228747,406,213,193,0.5246305418719212,0.8514851485148515,0.7657738095238096,0.65,0.6190476190476191,0.6190476190476191,0.6341463414634146,0.9125,0.9012345679012346,0.65,0.5413015999465034,0.8071428571428572,0.6328104900219667,0.5054814528960448,101,21,80,0.2079207920792079
34,5,0.3578208153154336,0.5075899712168254,0.9236453201970444,0.9199357707509881,0.919831223628692,0.9478260869565217,0.9478260869565217,0.9336188436830836,0.8920454545454546,0.9289940828402367,0.919831223628692,0.8443365552964922,0.9652173913043479,0.9685194808072859,0.3578208153154336,406,230,176,0.5665024630541872,0.8316831683168316,0.7532738095238095,0.5909090909090909,0.6190476190476191,0.6190476190476191,0.6046511627906976,0.8875,0.8987341772151899,0.5909090909090909,0.4980237259920951,0.8125,0.6397022750339709,0.5075899712168254,101,21,80,0.2079207920792079
35,5,0.3641854431114945,0.5034082497541721,0.9039408866995073,0.9031752967737237,0.8783783783783784,0.9420289855072463,0.9420289855072463,0.9090909090909091,0.864321608040201,0.9347826086956522,0.8783783783783784,0.8097486304877414,0.9640958415264729,0.9550883061726224,0.3641854431114945,406,207,199,0.5098522167487685,0.8316831683168316,0.7532738095238095,0.5909090909090909,0.6190476190476191,0.6190476190476191,0.6046511627906976,0.8875,0.8987341772151899,0.5909090909090909,0.4980237259920951,0.8124999999999999,0.6387465324643045,0.5034082497541721,101,21,80,0.2079207920792079
36,5,0.34910764048496884,0.49867473714626753,0.9211822660098522,0.9209862162686857,0.8909090909090909,0.9607843137254902,0.9607843137254902,0.9245283018867925,0.8811881188118812,0.956989247311828,0.8909090909090909,0.8449301902383781,0.9719229275868764,0.9724606835370209,0.34910764048496884,406,204,202,0.5024630541871922,0.8415841584158416,0.7595238095238095,0.6190476190476191,0.6190476190476191,0.6190476190476191,0.6190476190476191,0.9,0.9,0.6190476190476191,0.5190476190476191,0.8142857142857143,0.641099897223748,0.49867473714626753,101,21,80,0.2079207920792079
37,5,0.3850802764588711,0.49673994057453597,0.8990147783251231,0.9005102040816326,0.8604651162790697,0.9438775510204082,0.9438775510204082,0.9002433090024331,0.8571428571428571,0.9424083769633508,0.8604651162790697,0.8019464154546178,0.9562925170068027,0.9569285904384374,0.3850802764588711,406,196,210,0.4827586206896552,0.8514851485148515,0.7482142857142857,0.6666666666666666,0.5714285714285714,0.5714285714285714,0.6153846153846154,0.925,0.891566265060241,0.6666666666666666,0.5264245214858175,0.8125,0.6383874727593961,0.49673994057453597,101,21,80,0.2079207920792079
38,5,0.3540484202550907,0.5014592185616493,0.9261083743842364,0.9257552483358935,0.9308755760368663,0.9308755760368663,0.9308755760368663,0.9308755760368663,0.9206349206349206,0.9206349206349206,0.9308755760368663,0.851510496671787,0.9671323726623265,0.9580429605433912,0.3540484202550907,406,217,189,0.5344827586206896,0.8415841584158416,0.7595238095238095,0.6190476190476191,0.6190476190476191,0.6190476190476191,0.6190476190476191,0.9,0.9,0.6190476190476191,0.5190476190476191,0.8154761904761905,0.6405516111760774,0.5014592185616493,101,21,80,0.2079207920792079
39,5,0.3618452290401739,0.49846562857811266,0.9211822660098522,0.9217533099688473,0.9040404040404041,0.9322916666666666,0.9322916666666666,0.9179487179487179,0.9112149532710281,0.9375,0.9040404040404041,0.8425229384136216,0.965123637071651,0.9507951312320844,0.3618452290401739,406,192,214,0.4729064039408867,0.8514851485148515,0.7657738095238096,0.65,0.6190476190476191,0.6190476190476191,0.6341463414634146,0.9125,0.9012345679012346,0.65,0.5413015999465034,0.8166666666666667,0.6392500704598483,0.49846562857811266,101,21,80,0.2079207920792079
40,5,0.3345929539086772,0.49799204159241456,0.9359605911330049,0.9360803727431566,0.9150943396226415,0.9603960396039604,0.9603960396039604,0.9371980676328503,0.9117647058823529,0.9587628865979382,0.9150943396226415,0.873008573766113,0.9759755387303436,0.9668671466870812,0.3345929539086772,406,202,204,0.4975369458128079,0.8514851485148515,0.7657738095238096,0.65,0.6190476190476191,0.6190476190476191,0.6341463414634146,0.9125,0.9012345679012346,0.65,0.5413015999465034,0.8172619047619047,0.6413509107959827,0.49799204159241456,101,21,80,0.2079207920792079
41,5,0.3674780733737291,0.4987109681734672,0.9113300492610837,0.9109071929696793,0.8976744186046511,0.9323671497584541,0.9323671497584541,0.9146919431279621,0.8894472361809045,0.9267015706806283,0.8976744186046511,0.8230941910970052,0.9602359624207997,0.9562015878513895,0.3674780733737291,406,207,199,0.5098522167487685,0.8316831683168316,0.7532738095238095,0.5909090909090909,0.6190476190476191,0.6190476190476191,0.6046511627906976,0.8875,0.8987341772151899,0.5909090909090909,0.4980237259920951,0.817857142857143,0.6398733628061735,0.4987109681734672,101,21,80,0.2079207920792079
