epoch,fold,train_loss,val_loss,train_accuracy,train_balanced_accuracy,train_precision,train_recall,train_sensitivity,train_f1_score,train_cohen_kappa,train_specificity,train_npv,train_ppv,train_mcc,train_auroc,train_auc_pr,train_avg_loss,train_n_samples,train_n_positive,train_n_negative,train_class_ratio,val_accuracy,val_balanced_accuracy,val_precision,val_recall,val_sensitivity,val_f1_score,val_cohen_kappa,val_specificity,val_npv,val_ppv,val_mcc,val_auroc,val_auc_pr,val_avg_loss,val_n_samples,val_n_positive,val_n_negative,val_class_ratio
1,1,0.07474116681166637,0.07703640089169436,0.5456790123456791,0.5,0.5456790123456791,1.0,1.0,0.7060702875399361,0.0,0.0,0.0,0.5456790123456791,0.0,0.4580710210505607,0.5264600594886459,0.07474116681166637,405,221,184,0.5456790123456791,0.21568627450980393,0.5,0.21568627450980393,1.0,1.0,0.3548387096774194,0.0,0.0,0.0,0.21568627450980393,0.0,0.6642045454545454,0.4260250724966948,0.07703640089169436,102,22,80,0.21568627450980393
2,1,0.06999699868905691,0.07584020838725801,0.5012345679012346,0.5,0.5012345679012346,1.0,1.0,0.6677631578947368,0.0,0.0,0.0,0.5012345679012346,0.0,0.6488806516119592,0.6648176507650938,0.06999699868905691,405,203,202,0.5012345679012346,0.21568627450980393,0.5,0.21568627450980393,1.0,1.0,0.3548387096774194,0.0,0.0,0.0,0.21568627450980393,0.0,0.7204545454545455,0.4845685659496365,0.07584020838725801,102,22,80,0.21568627450980393
3,1,0.06658931941621833,0.06867965780125529,0.5061728395061729,0.5,0.5061728395061729,1.0,1.0,0.6721311475409836,0.0,0.0,0.0,0.5061728395061729,0.0,0.7440975609756098,0.7564886934074602,0.06658931941621833,405,205,200,0.5061728395061729,0.21568627450980393,0.5,0.21568627450980393,1.0,1.0,0.3548387096774194,0.0,0.0,0.0,0.21568627450980393,0.0,0.7596590909090909,0.5199689224249938,0.06867965780125529,102,22,80,0.21568627450980393
4,1,0.06396316019473253,0.06808633839382845,0.5481481481481482,0.5004799881849062,0.5483870967741935,0.9954954954954955,0.9954954954954955,0.7072,0.0010513121183938212,0.00546448087431694,0.5,0.5483870967741935,0.006815458128919385,0.7407817653719293,0.7705534939867191,0.06396316019473253,405,222,183,0.5481481481481482,0.23529411764705882,0.5125,0.22,1.0,1.0,0.36065573770491804,0.010939830929885819,0.025,1.0,0.22,0.07416198487095663,0.7630681818181817,0.5322924016146668,0.06808633839382845,102,22,80,0.21568627450980393
5,1,0.06526870722020114,0.06847156699308578,0.5160493827160494,0.5051602986385595,0.513715710723192,0.9951690821256038,0.9951690821256038,0.6776315789473685,0.01054520978236484,0.015151515151515152,0.75,0.513715710723192,0.0521699496455889,0.7304201434636217,0.7259382867208384,0.06526870722020114,405,207,198,0.5111111111111111,0.2549019607843137,0.525,0.22448979591836735,1.0,1.0,0.36666666666666664,0.022199798183652808,0.05,1.0,0.22448979591836735,0.10594569267279519,0.7926136363636365,0.5460369045557304,0.06847156699308578,102,22,80,0.21568627450980393
6,1,0.061916462292917716,0.07096607784064961,0.5481481481481482,0.5162037037037037,0.5415617128463476,0.9953703703703703,0.9953703703703703,0.7014681892332789,0.0344706296166023,0.037037037037037035,0.875,0.5415617128463476,0.11618814543032797,0.7749853027630805,0.8037382650176405,0.061916462292917716,405,216,189,0.5333333333333333,0.27450980392156865,0.5375,0.22916666666666666,1.0,1.0,0.3728813559322034,0.033794162826421004,0.075,1.0,0.22916666666666666,0.13110110602126893,0.7909090909090909,0.5409116752625915,0.07096607784064961,102,22,80,0.21568627450980393
7,1,0.06029680763819703,0.06369185469606344,0.5506172839506173,0.5641172737037399,0.5188172043010753,0.9846938775510204,0.9846938775510204,0.6795774647887324,0.12475064120832147,0.14354066985645933,0.9090909090909091,0.5188172043010753,0.23424901974780948,0.8026071672688214,0.7826155683062004,0.06029680763819703,405,196,209,0.4839506172839506,0.4019607843137255,0.6022727272727273,0.25925925925925924,0.9545454545454546,0.9545454545454546,0.4077669902912621,0.10371650821089029,0.25,0.9523809523809523,0.25925925925925924,0.20806259464411975,0.8017045454545455,0.5419250760258164,0.06369185469606344,102,22,80,0.21568627450980393
8,1,0.055156958001999205,0.0795861792353475,0.6469135802469136,0.6207471320717717,0.6045197740112994,0.9861751152073732,0.9861751152073732,0.7495621716287215,0.25385537046341744,0.2553191489361702,0.9411764705882353,0.6045197740112994,0.3630186125193304,0.8440533385626041,0.8534245205702362,0.055156958001999205,405,217,188,0.5358024691358024,0.30392156862745096,0.55625,0.23655913978494625,1.0,1.0,0.3826086956521739,0.05184603299293,0.1125,1.0,0.23655913978494625,0.1631346168837456,0.7840909090909091,0.5233254633137303,0.0795861792353475,102,22,80,0.21568627450980393
9,1,0.05848349738854593,0.06857677107658602,0.6345679012345679,0.6303658536585366,0.5835777126099707,0.9707317073170731,0.9707317073170731,0.7289377289377289,0.26291195277914414,0.29,0.90625,0.5835777126099707,0.3573704181938039,0.7914390243902439,0.7790505463229052,0.05848349738854593,405,205,200,0.5061728395061729,0.39215686274509803,0.5795454545454546,0.25,0.9090909090909091,0.9090909090909091,0.39215686274509803,0.08134805345729224,0.25,0.9090909090909091,0.25,0.1590909090909091,0.7863636363636364,0.5173264004166999,0.06857677107658602,102,22,80,0.21568627450980393
10,1,0.05725442273197351,0.07118647380768522,0.6370370370370371,0.6262694072844449,0.5911764705882353,0.9617224880382775,0.9617224880382775,0.73224043715847,0.2578996572140855,0.29081632653061223,0.8769230769230769,0.5911764705882353,0.3438216177449296,0.8117615467239528,0.8072572813631341,0.05725442273197351,405,209,196,0.5160493827160494,0.3627450980392157,0.5772727272727273,0.24705882352941178,0.9545454545454546,0.9545454545454546,0.3925233644859813,0.07582938388625604,0.2,0.9411764705882353,0.24705882352941178,0.17056057308448833,0.803409090909091,0.5345980444299158,0.07118647380768522,102,22,80,0.21568627450980393
11,1,0.05366263833977742,0.06369657823176798,0.6864197530864198,0.6797321036451471,0.6226993865030674,0.9806763285024155,0.9806763285024155,0.7617260787992496,0.3642229391478473,0.3787878787878788,0.9493670886075949,0.6226993865030674,0.45347262540643746,0.8429707705070024,0.8265895164091142,0.05366263833977742,405,207,198,0.5111111111111111,0.45098039215686275,0.6170454545454546,0.2702702702702703,0.9090909090909091,0.9090909090909091,0.4166666666666667,0.12607099143206857,0.325,0.9285714285714286,0.2702702702702703,0.21574761655006539,0.7988636363636363,0.5175511211874942,0.06369657823176798,102,22,80,0.21568627450980393
12,1,0.0572943521818767,0.059407610172296274,0.674074074074074,0.665914193674346,0.6165644171779141,0.9663461538461539,0.9663461538461539,0.7528089887640449,0.3371686463163638,0.36548223350253806,0.9113924050632911,0.6165644171779141,0.4185583124416945,0.8002489262007029,0.7803866427486371,0.0572943521818767,405,208,197,0.5135802469135803,0.5588235294117647,0.6857954545454545,0.31746031746031744,0.9090909090909091,0.9090909090909091,0.47058823529411764,0.22177009155645988,0.4625,0.9487179487179487,0.31746031746031744,0.31449868665770914,0.7931818181818182,0.5202406631297932,0.059407610172296274,102,22,80,0.21568627450980393
13,1,0.056148956012394696,0.06905647577927905,0.6790123456790124,0.6838683709811192,0.6095238095238096,0.964824120603015,0.964824120603015,0.7470817120622568,0.36413043478260876,0.4029126213592233,0.9222222222222223,0.6095238095238096,0.44220193720248974,0.8132409620920134,0.7977130688962121,0.056148956012394696,405,199,206,0.49135802469135803,0.4215686274509804,0.6147727272727272,0.26582278481012656,0.9545454545454546,0.9545454545454546,0.4158415841584158,0.1183709346615881,0.275,0.9565217391304348,0.26582278481012656,0.22591630046021216,0.8,0.5230006820696544,0.06905647577927905,102,22,80,0.21568627450980393
14,1,0.051865455371983074,0.07893818801990253,0.7234567901234568,0.6861433244127267,0.6746987951807228,0.9824561403508771,0.9824561403508771,0.8,0.39847231063017186,0.3898305084745763,0.9452054794520548,0.6746987951807228,0.48039784033195904,0.8344731886212707,0.8561041375533021,0.051865455371983074,405,228,177,0.562962962962963,0.35294117647058826,0.5875,0.25,1.0,1.0,0.4,0.0838323353293412,0.175,1.0,0.25,0.2091650066335189,0.7982954545454546,0.537565261032499,0.07893818801990253,102,22,80,0.21568627450980393
15,1,0.05048083448725074,0.06439356061666474,0.7308641975308642,0.733780487804878,0.6531986531986532,0.97,0.97,0.7806841046277666,0.4648117839607202,0.4975609756097561,0.9444444444444444,0.6531986531986532,0.5286157298079991,0.8606585365853658,0.8338552854748766,0.05048083448725074,405,200,205,0.49382716049382713,0.5,0.6482954545454546,0.2898550724637681,0.9090909090909091,0.9090909090909091,0.43956043956043955,0.1671469740634005,0.3875,0.9393939393939394,0.2898550724637681,0.26075500538833396,0.7977272727272726,0.5352982663797801,0.06439356061666474,102,22,80,0.21568627450980393
16,1,0.054080331851555793,0.061403994126628864,0.7037037037037037,0.7004878048780487,0.6375404530744336,0.9609756097560975,0.9609756097560975,0.7665369649805448,0.40353460972017663,0.44,0.9166666666666666,0.6375404530744336,0.47140591613741795,0.8314146341463414,0.815038929527942,0.054080331851555793,405,205,200,0.5061728395061729,0.5784313725490197,0.6982954545454545,0.32786885245901637,0.9090909090909091,0.9090909090909091,0.4819277108433735,0.2414389484607402,0.4875,0.9512195121951219,0.32786885245901637,0.33269191191683617,0.7988636363636364,0.5344892559604832,0.061403994126628864,102,22,80,0.21568627450980393
17,1,0.053309606785460574,0.06490022085798795,0.7308641975308642,0.735617039964866,0.6550522648083623,0.9494949494949495,0.9494949494949495,0.7752577319587629,0.46667391540719805,0.5217391304347826,0.9152542372881356,0.6550522648083623,0.5184089696305293,0.8320402088518031,0.7896648704465041,0.053309606785460574,405,198,207,0.4888888888888889,0.5196078431372549,0.6607954545454545,0.29850746268656714,0.9090909090909091,0.9090909090909091,0.449438202247191,0.18466557911908643,0.4125,0.9428571428571428,0.29850746268656714,0.2786048508536246,0.7880681818181818,0.5271274883040469,0.06490022085798795,102,22,80,0.21568627450980393
18,1,0.05565430575918498,0.06900356652662523,0.6938271604938272,0.7066227919949112,0.615916955017301,0.9319371727748691,0.9319371727748691,0.7416666666666667,0.4021570914978214,0.48130841121495327,0.8879310344827587,0.615916955017301,0.45630357949839717,0.8148700885648578,0.7678665353497761,0.05565430575918498,405,191,214,0.47160493827160493,0.4215686274509804,0.5982954545454545,0.2597402597402597,0.9090909090909091,0.9090909090909091,0.40404040404040403,0.10312965722801781,0.2875,0.92,0.2597402597402597,0.1879768631044092,0.7869318181818181,0.5201836011980517,0.06900356652662523,102,22,80,0.21568627450980393
19,1,0.05478121385461202,0.0674748470157604,0.6987654320987654,0.6993610691118373,0.6333333333333333,0.9405940594059405,0.9405940594059405,0.7569721115537849,0.39824625502374866,0.458128078817734,0.8857142857142857,0.6333333333333333,0.4549239238670285,0.8220504316441496,0.808054871039431,0.05478121385461202,405,202,203,0.49876543209876545,0.46078431372549017,0.6232954545454545,0.273972602739726,0.9090909090909091,0.9090909090909091,0.42105263157894735,0.13399197283112074,0.3375,0.9310344827586207,0.273972602739726,0.22483968418211905,0.8,0.5380045897551597,0.0674748470157604,102,22,80,0.21568627450980393
20,1,0.05430905009119737,0.06294667491844545,0.691358024691358,0.7161807652328862,0.5963636363636363,0.9213483146067416,0.9213483146067416,0.7240618101545254,0.4083445333956641,0.5110132158590308,0.8923076923076924,0.5963636363636363,0.45965496142114914,0.8279710934019701,0.7724231726306656,0.05430905009119737,405,178,227,0.43950617283950616,0.5392156862745098,0.6732954545454546,0.3076923076923077,0.9090909090909091,0.9090909090909091,0.45977011494252873,0.20285999334885263,0.4375,0.9459459459459459,0.3076923076923077,0.29649403519921425,0.7960227272727273,0.5383230584298934,0.06294667491844545,102,22,80,0.21568627450980393
21,1,0.054610671043786925,0.07008415166580793,0.7012345679012346,0.7006657562307954,0.6385135135135135,0.9310344827586207,0.9310344827586207,0.7575150300601202,0.4017871311905663,0.47029702970297027,0.8715596330275229,0.6385135135135135,0.45244715422616694,0.8213919914158904,0.8004479313133303,0.054610671043786925,405,203,202,0.5012345679012346,0.46078431372549017,0.6397727272727273,0.28,0.9545454545454546,0.9545454545454546,0.4329896907216495,0.14922656960873515,0.325,0.9629629629629629,0.28,0.26061310772712853,0.7909090909090909,0.5306692593582755,0.07008415166580793,102,22,80,0.21568627450980393
22,1,0.04946880685797904,0.07147399341349728,0.7234567901234568,0.7087757498654401,0.6634615384615384,0.9672897196261683,0.9672897196261683,0.7870722433460076,0.42939089742622083,0.450261780104712,0.9247311827956989,0.6634615384615384,0.4955812273399257,0.8597396878211087,0.8660133947789737,0.04946880685797904,405,214,191,0.528395061728395,0.4411764705882353,0.6107954545454546,0.26666666666666666,0.9090909090909091,0.9090909090909091,0.41237113402061853,0.11828935395814366,0.3125,0.9259259259259259,0.26666666666666666,0.20658356100321165,0.8005681818181818,0.5329871147826521,0.07147399341349728,102,22,80,0.21568627450980393
23,1,0.0517110771542691,0.06549211557927158,0.7012345679012346,0.7079265911753221,0.6266666666666667,0.9543147208121827,0.9543147208121827,0.7565392354124748,0.4101823433832822,0.46153846153846156,0.9142857142857143,0.6266666666666667,0.47429607748663244,0.8493752440452949,0.8159558866392691,0.0517110771542691,405,197,208,0.48641975308641977,0.5294117647058824,0.6670454545454545,0.30303030303030304,0.9090909090909091,0.9090909090909091,0.45454545454545453,0.19367588932806323,0.425,0.9444444444444444,0.30303030303030304,0.2875396726729749,0.8028409090909091,0.5476331843807835,0.06549211557927158,102,22,80,0.21568627450980393
24,1,0.049056620455209025,0.05639433811987093,0.7333333333333333,0.7257592032028122,0.6677740863787376,0.9617224880382775,0.9617224880382775,0.788235294117647,0.4582074022692364,0.4897959183673469,0.9230769230769231,0.6677740863787376,0.5165076051836743,0.8653940044917489,0.8537166925509992,0.049056620455209025,405,209,196,0.5160493827160494,0.6470588235294118,0.7420454545454545,0.37037037037037035,0.9090909090909091,0.9090909090909091,0.5263157894736842,0.3169642857142857,0.575,0.9583333333333334,0.37037037037037035,0.3989015852907516,0.8022727272727274,0.532452823716267,0.05639433811987093,102,22,80,0.21568627450980393
25,1,0.05550600495419385,0.059203948351947186,0.6987654320987654,0.7170054499926352,0.6118881118881119,0.9408602150537635,0.9408602150537635,0.7415254237288136,0.4171149490373727,0.4931506849315068,0.907563025210084,0.6118881118881119,0.47481307428330155,0.8134482250699662,0.7704612130645891,0.05550600495419385,405,186,219,0.45925925925925926,0.6274509803921569,0.7295454545454545,0.35714285714285715,0.9090909090909091,0.9090909090909091,0.5128205128205128,0.29424617625637295,0.55,0.9565217391304348,0.35714285714285715,0.3794740632147849,0.7948863636363636,0.5330192037803168,0.059203948351947186,102,22,80,0.21568627450980393
26,1,0.047457721839187506,0.06212985978345387,0.7432098765432099,0.736439312567132,0.6804123711340206,0.9473684210526315,0.9473684210526315,0.792,0.4791125621429102,0.5255102040816326,0.9035087719298246,0.6804123711340206,0.525474858883714,0.8744019138755981,0.8574621676126297,0.047457721839187506,405,209,196,0.5160493827160494,0.6078431372549019,0.7170454545454545,0.3448275862068966,0.9090909090909091,0.9090909090909091,0.5,0.27246790299572043,0.525,0.9545454545454546,0.3448275862068966,0.3604928784560076,0.79375,0.53915130069829,0.06212985978345387,102,22,80,0.21568627450980393
27,1,0.04971290276095524,0.0655001836809485,0.7209876543209877,0.7287545787545788,0.6443661971830986,0.9384615384615385,0.9384615384615385,0.7640918580375783,0.4501712020183817,0.5190476190476191,0.9008264462809917,0.6443661971830986,0.4994303024361322,0.862979242979243,0.8392202235474302,0.04971290276095524,405,195,210,0.48148148148148145,0.5686274509803921,0.6920454545454545,0.3225806451612903,0.9090909090909091,0.9090909090909091,0.47619047619047616,0.23150684931506849,0.475,0.95,0.3225806451612903,0.3235672230010118,0.7914772727272728,0.5332249941502509,0.0655001836809485,102,22,80,0.21568627450980393
28,1,0.052583781053185646,0.0643255983601443,0.7160493827160493,0.71550504804175,0.6506849315068494,0.9359605911330049,0.9359605911330049,0.7676767676767676,0.4314783394162811,0.49504950495049505,0.8849557522123894,0.6506849315068494,0.48048573605889766,0.8364385699653709,0.8137539787521315,0.052583781053185646,405,203,202,0.5012345679012346,0.5588235294117647,0.6857954545454545,0.31746031746031744,0.9090909090909091,0.9090909090909091,0.47058823529411764,0.22177009155645988,0.4625,0.9487179487179487,0.31746031746031744,0.31449868665770914,0.7875,0.5463682559633871,0.0643255983601443,102,22,80,0.21568627450980393
29,1,0.05027907004646014,0.06901472126585706,0.7407407407407407,0.7485347985347985,0.6584507042253521,0.958974358974359,0.958974358974359,0.7807933194154488,0.4890971346188503,0.5380952380952381,0.9338842975206612,0.6584507042253521,0.5426156288277273,0.8595115995115995,0.8290206556778238,0.05027907004646014,405,195,210,0.48148148148148145,0.5,0.6482954545454546,0.2898550724637681,0.9090909090909091,0.9090909090909091,0.43956043956043955,0.1671469740634005,0.3875,0.9393939393939394,0.2898550724637681,0.26075500538833396,0.7914772727272726,0.5425722248689988,0.06901472126585706,102,22,80,0.21568627450980393
30,1,0.04814623557404833,0.06295332826180931,0.7358024691358025,0.7186243749387194,0.6797385620915033,0.9585253456221198,0.9585253456221198,0.7954110898661568,0.4515320651554847,0.4787234042553192,0.9090909090909091,0.6797385620915033,0.5074100414511948,0.8610893224825963,0.8732494672691099,0.04814623557404833,405,217,188,0.5358024691358024,0.6176470588235294,0.7232954545454545,0.3508771929824561,0.9090909090909091,0.9090909090909091,0.5063291139240507,0.2832432432432431,0.5375,0.9555555555555556,0.3508771929824561,0.36993253404481274,0.7948863636363637,0.543820884002947,0.06295332826180931,102,22,80,0.21568627450980393
31,1,0.053198148552644535,0.06624664942729379,0.725925925925926,0.7207949055775142,0.6610738255033557,0.9516908212560387,0.9516908212560387,0.7801980198019802,0.4460463568814462,0.4898989898989899,0.9065420560747663,0.6610738255033557,0.5006529635932239,0.832381788903528,0.8096042027803866,0.053198148552644535,405,207,198,0.5111111111111111,0.5098039215686274,0.6545454545454545,0.29411764705882354,0.9090909090909091,0.9090909090909091,0.4444444444444444,0.17582417582417587,0.4,0.9411764705882353,0.29411764705882354,0.26967994498529685,0.7982954545454545,0.5467975654548844,0.06624664942729379,102,22,80,0.21568627450980393
32,1,0.045766590734121655,0.0661575647174294,0.7555555555555555,0.7617298115418416,0.6750902527075813,0.9540816326530612,0.9540816326530612,0.7906976744186046,0.516817102710259,0.569377990430622,0.9296875,0.6750902527075813,0.5626515213537661,0.8841177619373108,0.8677322221068547,0.045766590734121655,405,196,209,0.4839506172839506,0.5980392156862745,0.7107954545454545,0.3389830508474576,0.9090909090909091,0.9090909090909091,0.49382716049382713,0.2619131662548535,0.5125,0.9534883720930233,0.3389830508474576,0.3511456864046448,0.7920454545454545,0.5492454822652012,0.0661575647174294,102,22,80,0.21568627450980393
33,1,0.04670147074344798,0.07223228080136537,0.782716049382716,0.7797482558423183,0.7153284671532847,0.9514563106796117,0.9514563106796117,0.8166666666666667,0.56276376484444,0.6080402010050251,0.9236641221374046,0.7153284671532847,0.5979248487063189,0.8757135190515685,0.8523070998663849,0.04670147074344798,405,206,199,0.508641975308642,0.5196078431372549,0.6607954545454545,0.29850746268656714,0.9090909090909091,0.9090909090909091,0.449438202247191,0.18466557911908643,0.4125,0.9428571428571428,0.29850746268656714,0.2786048508536246,0.7926136363636364,0.5450007048050334,0.07223228080136537,102,22,80,0.21568627450980393
34,1,0.04576062259665276,0.06414467099895381,0.7777777777777778,0.7800609756097561,0.6992753623188406,0.965,0.965,0.8109243697478992,0.557538237436271,0.5951219512195122,0.9457364341085271,0.6992753623188406,0.6010701007157984,0.8831707317073171,0.8587270839650218,0.04576062259665276,405,200,205,0.49382716049382713,0.6078431372549019,0.7170454545454545,0.3448275862068966,0.9090909090909091,0.9090909090909091,0.5,0.27246790299572043,0.525,0.9545454545454546,0.3448275862068966,0.3604928784560076,0.7954545454545454,0.5373433700222434,0.06414467099895381,102,22,80,0.21568627450980393
35,1,0.05130561903416593,0.059183238690214544,0.7333333333333333,0.7472423767035985,0.6459854014598541,0.9414893617021277,0.9414893617021277,0.7662337662337663,0.47981828128344783,0.5529953917050692,0.916030534351145,0.6459854014598541,0.5271700972460567,0.8535395627022258,0.8083045673235247,0.05130561903416593,405,188,217,0.4641975308641975,0.6372549019607843,0.7357954545454546,0.36363636363636365,0.9090909090909091,0.9090909090909091,0.5194805194805194,0.30548398969451607,0.5625,0.9574468085106383,0.36363636363636365,0.38912710654309024,0.8,0.5443859318040853,0.059183238690214544,102,22,80,0.21568627450980393
36,1,0.0461580674277538,0.0807298562391296,0.7530864197530864,0.7285294988161011,0.7026143790849673,0.9598214285714286,0.9598214285714286,0.8113207547169812,0.4778370851705732,0.4972375690607735,0.9090909090909091,0.7026143790849673,0.5287583624492225,0.8786503551696923,0.8821992702070494,0.0461580674277538,405,224,181,0.5530864197530864,0.4411764705882353,0.6272727272727273,0.2727272727272727,0.9545454545454546,0.9545454545454546,0.42424242424242425,0.13353204172876298,0.3,0.96,0.2727272727272727,0.2433920077190038,0.8056818181818182,0.5670397131862678,0.0807298562391296,102,22,80,0.21568627450980393
37,1,0.04767512228515252,0.07097086893633127,0.7481481481481481,0.7306946965608596,0.6920529801324503,0.9587155963302753,0.9587155963302753,0.8038461538461539,0.4766115953780662,0.5026737967914439,0.912621359223301,0.6920529801324503,0.5281953487788648,0.8639307265858804,0.8713092095349975,0.04767512228515252,405,218,187,0.5382716049382716,0.4803921568627451,0.6522727272727273,0.2876712328767123,0.9545454545454546,0.9545454545454546,0.4421052631578947,0.16548317381908006,0.35,0.9655172413793104,0.2876712328767123,0.2776821906028014,0.8068181818181818,0.5571762941827152,0.07097086893633127,102,22,80,0.21568627450980393
38,1,0.04857132927152431,0.060036294540195205,0.7604938271604939,0.768705985915493,0.6819923371647509,0.9270833333333334,0.9270833333333334,0.7858719646799117,0.528057087252676,0.6103286384976526,0.9027777777777778,0.6819923371647509,0.5605911705861025,0.8656592331768389,0.8236714844280058,0.04857132927152431,405,192,213,0.4740740740740741,0.6274509803921569,0.7295454545454545,0.35714285714285715,0.9090909090909091,0.9090909090909091,0.5128205128205128,0.29424617625637295,0.55,0.9565217391304348,0.35714285714285715,0.3794740632147849,0.8056818181818182,0.5677009724965609,0.060036294540195205,102,22,80,0.21568627450980393
39,1,0.046760993865699464,0.07457789890616492,0.7530864197530864,0.7565131482655998,0.6761565836298933,0.9547738693467337,0.9547738693467337,0.7916666666666666,0.5094595576657542,0.558252427184466,0.9274193548387096,0.6761565836298933,0.5564623333055801,0.8746401912474997,0.8573120211280826,0.046760993865699464,405,199,206,0.49135802469135803,0.47058823529411764,0.6460227272727272,0.28378378378378377,0.9545454545454546,0.9545454545454546,0.4375,0.1572827417380661,0.3375,0.9642857142857143,0.28378378378378377,0.26916086142411066,0.7977272727272727,0.5511988560936074,0.07457789890616492,102,22,80,0.21568627450980393
1,2,0.07583965885418432,0.07000472535397492,0.4666666666666667,0.49039025821596244,0.4690721649484536,0.9479166666666666,0.9479166666666666,0.6275862068965518,-0.018298645062159613,0.03286384976525822,0.4117647058823529,0.4690721649484536,-0.04785659623278411,0.4832257433489827,0.4807826225645256,0.07583965885418432,405,192,213,0.4740740740740741,0.21568627450980393,0.5,0.21568627450980393,1.0,1.0,0.3548387096774194,0.0,0.0,0.0,0.21568627450980393,0.0,0.6079545454545454,0.33577125099350486,0.07000472535397492,102,22,80,0.21568627450980393
2,2,0.0676524583020328,0.07209497887422056,0.5333333333333333,0.5,0.5333333333333333,1.0,1.0,0.6956521739130435,0.0,0.0,0.0,0.5333333333333333,0.0,0.6891289437585734,0.7034929905261853,0.0676524583020328,405,216,189,0.5333333333333333,0.21568627450980393,0.5,0.21568627450980393,1.0,1.0,0.3548387096774194,0.0,0.0,0.0,0.21568627450980393,0.0,0.6573863636363637,0.33222213308477383,0.07209497887422056,102,22,80,0.21568627450980393
3,2,0.06691768135829472,0.07233855424120146,0.5456790123456791,0.5,0.5456790123456791,1.0,1.0,0.7060702875399361,0.0,0.0,0.0,0.5456790123456791,0.0,0.6731506984064528,0.6965083423739445,0.06691768135829472,405,221,184,0.5456790123456791,0.21568627450980393,0.5,0.21568627450980393,1.0,1.0,0.3548387096774194,0.0,0.0,0.0,0.21568627450980393,0.0,0.6897727272727273,0.4094620247541936,0.07233855424120146,102,22,80,0.21568627450980393
4,2,0.06618639490118733,0.06924703026957371,0.5135802469135803,0.49760765550239233,0.5148514851485149,0.9952153110047847,0.9952153110047847,0.6786296900489397,-0.00493746300051634,0.0,0.0,0.5148514851485149,-0.048179713158703556,0.7159457084269114,0.7083472487480912,0.06618639490118733,405,209,196,0.5160493827160494,0.22549019607843138,0.50625,0.21782178217821782,1.0,1.0,0.35772357723577236,0.005430757837571076,0.0125,1.0,0.21782178217821782,0.052180190467530134,0.7193181818181819,0.44812510589304416,0.06924703026957371,102,22,80,0.21568627450980393
5,2,0.06289954696908409,0.06996138941715746,0.5382716049382716,0.5437195121951219,0.5170603674540682,0.985,0.985,0.6781411359724613,0.08648453048670157,0.1024390243902439,0.875,0.5170603674540682,0.18515230496071136,0.768,0.7360429597925873,0.06289954696908409,405,200,205,0.49382716049382713,0.2549019607843137,0.525,0.22448979591836735,1.0,1.0,0.36666666666666664,0.022199798183652808,0.05,1.0,0.22448979591836735,0.10594569267279519,0.727840909090909,0.455344535322454,0.06996138941715746,102,22,80,0.21568627450980393
6,2,0.06223496405844703,0.06825103095787413,0.5604938271604938,0.528728306696735,0.5509138381201044,0.9723502304147466,0.9723502304147466,0.7033333333333334,0.0610591575711793,0.0851063829787234,0.7272727272727273,0.5509138381201044,0.1264264922357382,0.7629914697519365,0.7593382483021816,0.06223496405844703,405,217,188,0.5358024691358024,0.27450980392156865,0.5375,0.22916666666666666,1.0,1.0,0.3728813559322034,0.033794162826421004,0.075,1.0,0.22916666666666666,0.13110110602126893,0.7573863636363637,0.4818575820440765,0.06825103095787413,102,22,80,0.21568627450980393
7,2,0.0568759621258963,0.06533562439475574,0.5975308641975309,0.6072335025380711,0.5491329479768786,0.9644670050761421,0.9644670050761421,0.6998158379373849,0.21026187029704146,0.25,0.8813559322033898,0.5491329479768786,0.30385137954408625,0.8344152674736431,0.8206156556553235,0.0568759621258963,405,197,208,0.48641975308641977,0.38235294117647056,0.5897727272727273,0.25301204819277107,0.9545454545454546,0.9545454545454546,0.4,0.08954378010767916,0.225,0.9473684210526315,0.25301204819277107,0.18967710044361522,0.7573863636363637,0.5205209484701482,0.06533562439475574,102,22,80,0.21568627450980393
8,2,0.05951733883171354,0.0708691395234828,0.6098765432098765,0.5897636639428487,0.5804597701149425,0.9439252336448598,0.9439252336448598,0.7188612099644128,0.1865609030585006,0.2356020942408377,0.7894736842105263,0.5804597701149425,0.2577075174506501,0.7906003816607134,0.7906305367147324,0.05951733883171354,405,214,191,0.528395061728395,0.27450980392156865,0.5375,0.22916666666666666,1.0,1.0,0.3728813559322034,0.033794162826421004,0.075,1.0,0.22916666666666666,0.13110110602126893,0.8034090909090909,0.5998196226221956,0.0708691395234828,102,22,80,0.21568627450980393
9,2,0.05598869131717049,0.05937536584907303,0.6444444444444445,0.6718357701964259,0.5627009646302251,0.9562841530054644,0.9562841530054644,0.708502024291498,0.3237790454988173,0.38738738738738737,0.9148936170212766,0.5627009646302251,0.4051366011106023,0.8347117609412692,0.7997523094988738,0.05598869131717049,405,183,222,0.45185185185185184,0.46078431372549017,0.6397727272727273,0.28,0.9545454545454546,0.9545454545454546,0.4329896907216495,0.14922656960873515,0.325,0.9629629629629629,0.28,0.26061310772712853,0.8028409090909091,0.5989703599170122,0.05937536584907303,102,22,80,0.21568627450980393
10,2,0.06064858407092591,0.06957014138792075,0.6172839506172839,0.6316477661550494,0.558641975308642,0.9378238341968912,0.9378238341968912,0.7001934235976789,0.25552353506243997,0.32547169811320753,0.8518518518518519,0.558641975308642,0.3287570390611156,0.7855851011829114,0.7366060194419362,0.06064858407092591,405,193,212,0.4765432098765432,0.35294117647058826,0.5875,0.25,1.0,1.0,0.4,0.0838323353293412,0.175,1.0,0.25,0.2091650066335189,0.8079545454545455,0.5946725352156497,0.06957014138792075,102,22,80,0.21568627450980393
11,2,0.05879408289896853,0.05344649694640847,0.6271604938271605,0.6391941391941391,0.5662650602409639,0.9641025641025641,0.9641025641025641,0.713472485768501,0.2715740575308201,0.3142857142857143,0.9041095890410958,0.5662650602409639,0.3618657054918618,0.8111355311355312,0.7674483149185991,0.05879408289896853,405,195,210,0.48148148148148145,0.6176470588235294,0.7397727272727272,0.3559322033898305,0.9545454545454546,0.9545454545454546,0.5185185185185185,0.29791740204729966,0.525,0.9767441860465116,0.3559322033898305,0.3994163872311593,0.8244318181818182,0.6167248140379428,0.05344649694640847,102,22,80,0.21568627450980393
12,2,0.05658134610254179,0.0567300310267099,0.6518518518518519,0.645147123407993,0.6012269938650306,0.9468599033816425,0.9468599033816425,0.7354596622889306,0.29413727889642893,0.3434343434343434,0.8607594936708861,0.6012269938650306,0.3662130792836349,0.8301127214170693,0.7866166537742008,0.05658134610254179,405,207,198,0.5111111111111111,0.5294117647058824,0.6835227272727273,0.3088235294117647,0.9545454545454546,0.9545454545454546,0.4666666666666667,0.20879120879120883,0.4125,0.9705882352941176,0.3088235294117647,0.32024493467004,0.8238636363636364,0.6111990164375442,0.0567300310267099,102,22,80,0.21568627450980393
13,2,0.06032886884439691,0.06437298953167948,0.6567901234567901,0.6560259474223284,0.5975609756097561,0.9655172413793104,0.9655172413793104,0.7382297551789078,0.31252824013579683,0.3465346534653465,0.9090909090909091,0.5975609756097561,0.39762002043088723,0.7804223772130908,0.7222181592216872,0.06032886884439691,405,203,202,0.5012345679012346,0.46078431372549017,0.65625,0.2857142857142857,1.0,1.0,0.4444444444444444,0.16393442622950816,0.3125,1.0,0.2857142857142857,0.29880715233359845,0.8278409090909091,0.6067767620561118,0.06437298953167948,102,22,80,0.21568627450980393
14,2,0.05603104014248576,0.06013702917113608,0.671604938271605,0.6723528264156464,0.6061538461538462,0.9752475247524752,0.9752475247524752,0.7476280834914611,0.3441894442077069,0.3694581280788177,0.9375,0.6061538461538462,0.43289785625792243,0.8262449397649125,0.787365467709304,0.05603104014248576,405,202,203,0.49876543209876545,0.4803921568627451,0.6522727272727273,0.2876712328767123,0.9545454545454546,0.9545454545454546,0.4421052631578947,0.16548317381908006,0.35,0.9655172413793104,0.2876712328767123,0.2776821906028014,0.8340909090909091,0.609584304366689,0.06013702917113608,102,22,80,0.21568627450980393
15,2,0.05310048528222574,0.05964187058784506,0.6666666666666666,0.6497212441314554,0.6153846153846154,0.9765258215962441,0.9765258215962441,0.7549909255898367,0.3093713289628254,0.3229166666666667,0.9253731343283582,0.6153846153846154,0.40240010700980827,0.8453638497652582,0.8581792792265142,0.05310048528222574,405,213,192,0.5259259259259259,0.49019607843137253,0.6585227272727273,0.2916666666666667,0.9545454545454546,0.9545454545454546,0.44680851063829785,0.17383177570093455,0.3625,0.9666666666666667,0.2916666666666667,0.2861877165269486,0.8267045454545454,0.6105287198110765,0.05964187058784506,102,22,80,0.21568627450980393
16,2,0.05245939292600033,0.06167791419041654,0.7209876543209877,0.7180487804878048,0.6533333333333333,0.9560975609756097,0.9560975609756097,0.7762376237623763,0.4386384544618216,0.48,0.9142857142857143,0.6533333333333333,0.4975311871932906,0.846048780487805,0.8148111570806816,0.05245939292600033,405,205,200,0.5061728395061729,0.5,0.68125,0.3013698630136986,1.0,1.0,0.4631578947368421,0.19697437480703928,0.3625,1.0,0.3013698630136986,0.3305246970234838,0.8375,0.6388132176664497,0.06167791419041654,102,22,80,0.21568627450980393
17,2,0.05756854807820033,0.060335413201292064,0.6790123456790124,0.6899134812787173,0.6075085324232082,0.9222797927461139,0.9222797927461139,0.7325102880658436,0.37120814025701054,0.45754716981132076,0.8660714285714286,0.6075085324232082,0.4241207824578528,0.7995894026786587,0.7676099929910009,0.05756854807820033,405,193,212,0.4765432098765432,0.5098039215686274,0.6875,0.3055555555555556,1.0,1.0,0.46808510638297873,0.20560747663551393,0.375,1.0,0.3055555555555556,0.338501600193165,0.8159090909090909,0.606121203096443,0.060335413201292064,102,22,80,0.21568627450980393
18,2,0.053497948122705204,0.07015117111287135,0.7037037037037037,0.6892972417840375,0.64576802507837,0.9671361502347418,0.9671361502347418,0.7744360902255639,0.38918633587210627,0.4114583333333333,0.9186046511627907,0.64576802507837,0.4622427737687791,0.8361942488262911,0.8319636336477982,0.053497948122705204,405,213,192,0.5259259259259259,0.45098039215686275,0.65,0.28205128205128205,1.0,1.0,0.44,0.15602836879432636,0.3,1.0,0.28205128205128205,0.2908872369413698,0.8238636363636364,0.6179449620186027,0.07015117111287135,102,22,80,0.21568627450980393
19,2,0.0519051186611048,0.05435794498086633,0.6938271604938272,0.695822358794264,0.6237942122186495,0.9651741293532339,0.9651741293532339,0.7578125,0.3900750564745319,0.4264705882352941,0.925531914893617,0.6237942122186495,0.4638325947115871,0.854160569700517,0.8178572450874583,0.0519051186611048,405,201,204,0.4962962962962963,0.6372549019607843,0.7522727272727273,0.3684210526315789,0.9545454545454546,0.9545454545454546,0.5316455696202531,0.31999999999999995,0.55,0.9777777777777777,0.3684210526315789,0.4179390460964297,0.8159090909090909,0.6042655194403874,0.05435794498086633,102,22,80,0.21568627450980393
20,2,0.056499247386028274,0.052097841209330246,0.6691358024691358,0.6724390243902438,0.6064516129032258,0.94,0.94,0.7372549019607844,0.3425802543912779,0.40487804878048783,0.8736842105263158,0.6064516129032258,0.4069254304341191,0.815560975609756,0.7786157549857833,0.056499247386028274,405,200,205,0.49382716049382713,0.6568627450980392,0.7318181818181818,0.37254901960784315,0.8636363636363636,0.8636363636363636,0.5205479452054794,0.3137254901960784,0.6,0.9411764705882353,0.37254901960784315,0.3813850356982369,0.8210227272727273,0.6090464268415525,0.052097841209330246,102,22,80,0.21568627450980393
21,2,0.05176656289790745,0.06703719003673862,0.7308641975308642,0.7069889828841236,0.6772151898734177,0.9683257918552036,0.9683257918552036,0.7970204841713222,0.43267834423553897,0.44565217391304346,0.9213483146067416,0.6772151898734177,0.4977872055083471,0.8402764115679716,0.8245556130696149,0.05176656289790745,405,221,184,0.5456790123456791,0.4803921568627451,0.66875,0.29333333333333333,1.0,1.0,0.4536082474226804,0.18016378525932664,0.3375,1.0,0.29333333333333333,0.31464265445104544,0.8352272727272727,0.6381064752287117,0.06703719003673862,102,22,80,0.21568627450980393
22,2,0.053580539059583786,0.055806415931632124,0.7135802469135802,0.7151741293532339,0.6470588235294118,0.9303482587064676,0.9303482587064676,0.763265306122449,0.4289673278879813,0.5,0.8793103448275862,0.6470588235294118,0.47594333175201187,0.8269437128085065,0.7878228957214702,0.053580539059583786,405,201,204,0.4962962962962963,0.5980392156862745,0.7272727272727273,0.3442622950819672,0.9545454545454546,0.9545454545454546,0.5060240963855421,0.2767208578346593,0.5,0.975609756097561,0.3442622950819672,0.3813087815665744,0.8301136363636363,0.6306053129145609,0.055806415931632124,102,22,80,0.21568627450980393
23,2,0.052117797129005654,0.0595839629703037,0.7086419753086419,0.715481886534518,0.6363636363636364,0.9285714285714286,0.9285714285714286,0.7551867219917012,0.4248959060386531,0.5023923444976076,0.8823529411764706,0.6363636363636364,0.47280868584464664,0.8486720046870423,0.8134716035221661,0.052117797129005654,405,196,209,0.4839506172839506,0.5294117647058824,0.7,0.3142857142857143,1.0,1.0,0.4782608695652174,0.2233502538071065,0.4,1.0,0.3142857142857143,0.35456210417116735,0.8357954545454546,0.6480383094583025,0.0595839629703037,102,22,80,0.21568627450980393
24,2,0.049838156929170645,0.05410576514173847,0.725925925925926,0.711112198463571,0.6645367412140575,0.9719626168224299,0.9719626168224299,0.7893738140417458,0.43432195392029804,0.450261780104712,0.9347826086956522,0.6645367412140575,0.5030380215077126,0.8609629593384548,0.8457139613514812,0.049838156929170645,405,214,191,0.528395061728395,0.6078431372549019,0.7005681818181818,0.3392857142857143,0.8636363636363636,0.8636363636363636,0.48717948717948717,0.25710123816460306,0.5375,0.9347826086956522,0.3392857142857143,0.3315701591950967,0.8301136363636363,0.6260722535239189,0.05410576514173847,102,22,80,0.21568627450980393
25,2,0.050542469911944166,0.05736662347015797,0.7135802469135802,0.7243617957746479,0.6347517730496454,0.9322916666666666,0.9322916666666666,0.7552742616033755,0.43858894385889435,0.5164319248826291,0.8943089430894309,0.6347517730496454,0.48723918632799723,0.8613800860719873,0.8298968832479807,0.050542469911944166,405,192,213,0.4740740740740741,0.5882352941176471,0.7045454545454546,0.3333333333333333,0.9090909090909091,0.9090909090909091,0.4878048780487805,0.2515723270440252,0.5,0.9523809523809523,0.3333333333333333,0.3418817293789138,0.8221590909090909,0.6351095194627407,0.05736662347015797,102,22,80,0.21568627450980393
26,2,0.049397620993858936,0.05552867674394328,0.7308641975308642,0.7291117939713199,0.6588628762541806,0.9656862745098039,0.9656862745098039,0.7833001988071571,0.45982159245255316,0.4925373134328358,0.9339622641509434,0.6588628762541806,0.5211971439475039,0.8625743829870257,0.8340048145652084,0.049397620993858936,405,204,201,0.5037037037037037,0.5980392156862745,0.6943181818181818,0.3333333333333333,0.8636363636363636,0.8636363636363636,0.4810126582278481,0.2464864864864864,0.525,0.9333333333333333,0.3333333333333333,0.32192602199319587,0.8278409090909091,0.6474064057152362,0.05552867674394328,102,22,80,0.21568627450980393
27,2,0.05456853266719177,0.0569666458679564,0.7234567901234568,0.7357804232804233,0.6420664206642066,0.9206349206349206,0.9206349206349206,0.7565217391304347,0.45911139729555694,0.5509259259259259,0.8880597014925373,0.6420664206642066,0.4999867227719681,0.8298059964726631,0.7594892205577042,0.05456853266719177,405,189,216,0.4666666666666667,0.5294117647058824,0.6505681818181819,0.296875,0.8636363636363636,0.8636363636363636,0.4418604651162791,0.17797179314976497,0.4375,0.9210526315789473,0.296875,0.2561755931184104,0.8204545454545455,0.6396080298231682,0.0569666458679564,102,22,80,0.21568627450980393
28,2,0.05286139436985975,0.059004527941236604,0.7111111111111111,0.7093576236464735,0.6454849498327759,0.946078431372549,0.946078431372549,0.7673956262425448,0.4201754707976947,0.472636815920398,0.8962264150943396,0.6454849498327759,0.4762591816719727,0.8390400936494001,0.8123863300663379,0.05286139436985975,405,204,201,0.5037037037037037,0.5392156862745098,0.70625,0.3188405797101449,1.0,1.0,0.4835164835164835,0.23246878001921234,0.4125,1.0,0.3188405797101449,0.36265926036768287,0.8278409090909091,0.6169525208776409,0.059004527941236604,102,22,80,0.21568627450980393
29,2,0.05073720895869221,0.05604160194029557,0.7185185185185186,0.7243508395158141,0.6445993031358885,0.9390862944162437,0.9390862944162437,0.7644628099173554,0.4433459525933785,0.5096153846153846,0.8983050847457628,0.6445993031358885,0.49356064510466724,0.8530359234673957,0.8300859338373227,0.05073720895869221,405,197,208,0.48641975308641977,0.5882352941176471,0.6715909090909091,0.32142857142857145,0.8181818181818182,0.8181818181818182,0.46153846153846156,0.21995630007283318,0.525,0.9130434782608695,0.32142857142857145,0.2836662551754085,0.8301136363636363,0.6576254448680561,0.05604160194029557,102,22,80,0.21568627450980393
30,2,0.05080092995295324,0.05702261269085712,0.7234567901234568,0.7217954345917471,0.6564625850340136,0.946078431372549,0.946078431372549,0.7751004016064257,0.4450561550319312,0.4975124378109453,0.9009009009009009,0.6564625850340136,0.49723370076555656,0.8500877963125548,0.8144471384161581,0.05080092995295324,405,204,201,0.5037037037037037,0.5686274509803921,0.6920454545454545,0.3225806451612903,0.9090909090909091,0.9090909090909091,0.47619047619047616,0.23150684931506849,0.475,0.95,0.3225806451612903,0.3235672230010118,0.8244318181818182,0.6182596504124717,0.05702261269085712,102,22,80,0.21568627450980393
31,2,0.04805671238390022,0.05899567447954277,0.7382716049382716,0.7387699361069111,0.6690140845070423,0.9405940594059405,0.9405940594059405,0.7818930041152263,0.4770628791385485,0.5369458128078818,0.9008264462809917,0.6690140845070423,0.5216527333914531,0.8723601424181826,0.8417089726756926,0.04805671238390022,405,202,203,0.49876543209876545,0.5392156862745098,0.6732954545454546,0.3076923076923077,0.9090909090909091,0.9090909090909091,0.45977011494252873,0.20285999334885263,0.4375,0.9459459459459459,0.3076923076923077,0.29649403519921425,0.8255681818181817,0.629054710710312,0.05899567447954277,102,22,80,0.21568627450980393
32,2,0.05203056390380004,0.05816503482706407,0.7111111111111111,0.7056433904259991,0.6480263157894737,0.9516908212560387,0.9516908212560387,0.7710371819960861,0.4157141271778938,0.4595959595959596,0.900990099009901,0.6480263157894737,0.475187535482298,0.8354560093690528,0.8128974274125372,0.05203056390380004,405,207,198,0.5111111111111111,0.5588235294117647,0.7022727272727273,0.3230769230769231,0.9545454545454546,0.9545454545454546,0.4827586206896552,0.23678084469570992,0.45,0.972972972972973,0.3230769230769231,0.3460717263308862,0.8244318181818182,0.5988303384391197,0.05816503482706407,102,22,80,0.21568627450980393
33,2,0.04716820524873235,0.05575777533722073,0.7604938271604939,0.7661971487159457,0.6826568265682657,0.9438775510204082,0.9438775510204082,0.7922912205567452,0.5261329505566746,0.5885167464114832,0.917910447761194,0.6826568265682657,0.5654543235993679,0.8775510204081632,0.8504172732632721,0.04716820524873235,405,196,209,0.4839506172839506,0.6176470588235294,0.7232954545454545,0.3508771929824561,0.9090909090909091,0.9090909090909091,0.5063291139240507,0.2832432432432431,0.5375,0.9555555555555556,0.3508771929824561,0.36993253404481274,0.81875,0.595591016284425,0.05575777533722073,102,22,80,0.21568627450980393
34,2,0.04886033519567853,0.05223295357142228,0.7530864197530864,0.7506707317073171,0.6855123674911661,0.9463414634146341,0.9463414634146341,0.7950819672131147,0.5037372870971695,0.555,0.9098360655737705,0.6855123674911661,0.546326692258748,0.8645121951219511,0.832907049432756,0.04886033519567853,405,205,200,0.5061728395061729,0.6372549019607843,0.7028409090909091,0.35294117647058826,0.8181818181818182,0.8181818181818182,0.4931506849315068,0.27450980392156865,0.5875,0.9215686274509803,0.35294117647058826,0.3337119062359573,0.8284090909090909,0.6190839809221677,0.05223295357142228,102,22,80,0.21568627450980393
35,2,0.04879252569608744,0.05856472689301168,0.7555555555555555,0.7503416634127293,0.6925795053003534,0.9423076923076923,0.9423076923076923,0.7983706720977597,0.5057748961504802,0.5583756345177665,0.9016393442622951,0.6925795053003534,0.5454497872961577,0.8652625927372121,0.8493863869556288,0.04879252569608744,405,208,197,0.5135802469135803,0.5686274509803921,0.7085227272727272,0.328125,0.9545454545454546,0.9545454545454546,0.4883720930232558,0.24647414372061782,0.4625,0.9736842105263158,0.328125,0.3547790289602137,0.8284090909090909,0.6100504539148818,0.05856472689301168,102,22,80,0.21568627450980393
1,3,0.07592068810768315,0.075022887622956,0.5,0.48907342657342656,0.5065274151436031,0.9326923076923077,0.9326923076923077,0.6565143824027073,-0.022327519908705407,0.045454545454545456,0.391304347826087,0.5065274151436031,-0.0472514284180963,0.5308372183372183,0.5623767577230198,0.07592068810768315,406,208,198,0.5123152709359606,0.2079207920792079,0.5,0.2079207920792079,1.0,1.0,0.3442622950819672,0.0,0.0,0.0,0.2079207920792079,0.0,0.6672619047619047,0.37247601044898127,0.075022887622956,101,21,80,0.2079207920792079
2,3,0.06867706174664016,0.07473906808265365,0.4876847290640394,0.5,0.4876847290640394,1.0,1.0,0.6556291390728477,0.0,0.0,0.0,0.4876847290640394,0.0,0.6812839937839938,0.7020366162256897,0.06867706174664016,406,198,208,0.4876847290640394,0.2079207920792079,0.5,0.2079207920792079,1.0,1.0,0.3442622950819672,0.0,0.0,0.0,0.2079207920792079,0.0,0.6952380952380952,0.39617072627290967,0.07473906808265365,101,21,80,0.2079207920792079
3,3,0.06618603002371753,0.07384686668099154,0.49507389162561577,0.5,0.49507389162561577,1.0,1.0,0.6622734761120264,0.0,0.0,0.0,0.49507389162561577,0.0,0.7312462079844679,0.7318742248988259,0.06618603002371753,406,201,205,0.49507389162561577,0.2079207920792079,0.5,0.2079207920792079,1.0,1.0,0.3442622950819672,0.0,0.0,0.0,0.2079207920792079,0.0,0.7011904761904761,0.4101004219500026,0.07384686668099154,101,21,80,0.2079207920792079
4,3,0.06802365019587167,0.07133523374795914,0.5,0.5048780487804878,0.4975247524752475,1.0,1.0,0.6644628099173554,0.0096609069717144,0.00975609756097561,1.0,0.4975247524752475,0.06966993630073703,0.6697002790923431,0.6735549392527903,0.06802365019587167,406,201,205,0.49507389162561577,0.2079207920792079,0.5,0.2079207920792079,1.0,1.0,0.3442622950819672,0.0,0.0,0.0,0.2079207920792079,0.0,0.7279761904761904,0.44842320043095363,0.07133523374795914,101,21,80,0.2079207920792079
5,3,0.06329698044935177,0.06892549169093075,0.5073891625615764,0.5143446601941748,0.5,0.985,0.985,0.6632996632996633,0.028289694126657494,0.043689320388349516,0.75,0.5,0.08468961032551382,0.7857281553398059,0.7767816196542923,0.06329698044935177,406,200,206,0.49261083743842365,0.2376237623762376,0.51875,0.21428571428571427,1.0,1.0,0.35294117647058826,0.01594331266607607,0.0375,1.0,0.21428571428571427,0.08964214570007953,0.725,0.4769321567303097,0.06892549169093075,101,21,80,0.2079207920792079
6,3,0.05755574299765778,0.062269935992979766,0.6009852216748769,0.6028926422053971,0.5555555555555556,0.9900990099009901,0.9900990099009901,0.7117437722419929,0.20499927476671653,0.21568627450980393,0.9565217391304348,0.5555555555555556,0.32461973403856165,0.8404678703164435,0.8405234181518664,0.05755574299765778,406,202,204,0.4975369458128079,0.42574257425742573,0.6375,0.26582278481012656,1.0,1.0,0.42,0.13624299616632263,0.275,1.0,0.26582278481012656,0.270372457589128,0.7202380952380953,0.4619608951909998,0.062269935992979766,101,21,80,0.2079207920792079
7,3,0.061022055450037783,0.0657281041846122,0.5788177339901478,0.5610289826881929,0.555858310626703,0.9622641509433962,0.9622641509433962,0.7046632124352331,0.1263433418065587,0.15979381443298968,0.7948717948717948,0.555858310626703,0.20690433314310222,0.7761865395837384,0.7976887482254866,0.061022055450037783,406,212,194,0.5221674876847291,0.3465346534653465,0.5875,0.2413793103448276,1.0,1.0,0.3888888888888889,0.08105872622001664,0.175,1.0,0.2413793103448276,0.20552707683014623,0.7291666666666667,0.4563368322062316,0.0657281041846122,101,21,80,0.2079207920792079
8,3,0.05421965723751764,0.06773021720386672,0.6330049261083743,0.6294988472272782,0.5804597701149425,0.9853658536585366,0.9853658536585366,0.7305605786618445,0.26080793763288446,0.2736318407960199,0.9482758620689655,0.5804597701149425,0.37005581972400403,0.8601868705254218,0.8737026968131048,0.05421965723751764,406,205,201,0.5049261083743842,0.36633663366336633,0.6,0.24705882352941178,1.0,1.0,0.39622641509433965,0.094170403587444,0.2,1.0,0.24705882352941178,0.22228757209048453,0.7255952380952381,0.46750068046242255,0.06773021720386672,101,21,80,0.2079207920792079
9,3,0.05633384760141171,0.06243749398111117,0.6502463054187192,0.642263986013986,0.5982142857142857,0.9663461538461539,0.9663461538461539,0.7389705882352942,0.28901933701657456,0.3181818181818182,0.9,0.5982142857142857,0.37650484771069065,0.8168463480963482,0.8026983703710329,0.05633384760141171,406,208,198,0.5123152709359606,0.48514851485148514,0.6574404761904762,0.28169014084507044,0.9523809523809523,0.9523809523809523,0.43478260869565216,0.16767036450079242,0.3625,0.9666666666666667,0.28169014084507044,0.27964768563245546,0.7220238095238095,0.4615744173514048,0.06243749398111117,101,21,80,0.2079207920792079
10,3,0.054907065810488875,0.0628518136679241,0.6502463054187192,0.6583926359507444,0.5878594249201278,0.934010152284264,0.934010152284264,0.7215686274509804,0.311519262461487,0.3827751196172249,0.8602150537634409,0.5878594249201278,0.3767537598510361,0.8367619556505477,0.8160582295780442,0.054907065810488875,406,197,209,0.4852216748768473,0.46534653465346537,0.6273809523809524,0.2676056338028169,0.9047619047619048,0.9047619047619048,0.41304347826086957,0.1356576862123613,0.35,0.9333333333333333,0.2676056338028169,0.22625559442474658,0.7357142857142857,0.4703349817371153,0.0628518136679241,101,21,80,0.2079207920792079
11,3,0.05614414808152271,0.0674040945947613,0.6527093596059114,0.6233215115568057,0.6169590643274854,0.9547511312217195,0.9547511312217195,0.7495559502664298,0.260521352726897,0.2918918918918919,0.84375,0.6169590643274854,0.3370914955936655,0.8090253149076678,0.824305134442326,0.05614414808152271,406,221,185,0.5443349753694581,0.36633663366336633,0.6,0.24705882352941178,1.0,1.0,0.39622641509433965,0.094170403587444,0.2,1.0,0.24705882352941178,0.22228757209048453,0.7309523809523809,0.4530127818244668,0.0674040945947613,101,21,80,0.2079207920792079
12,3,0.0499183771090371,0.05842314204108892,0.7068965517241379,0.7095134085669215,0.632258064516129,0.9751243781094527,0.9751243781094527,0.7671232876712328,0.41682157255630925,0.44390243902439025,0.9479166666666666,0.632258064516129,0.49306061593784783,0.876058730736561,0.86033275362639,0.0499183771090371,406,201,205,0.49507389162561577,0.6039603960396039,0.6622023809523809,0.3137254901960784,0.7619047619047619,0.7619047619047619,0.4444444444444444,0.21247563352826515,0.5625,0.9,0.3137254901960784,0.2633126786921537,0.736904761904762,0.4599618734755475,0.05842314204108892,101,21,80,0.2079207920792079
13,3,0.05298994444115684,0.061599052852333185,0.7192118226600985,0.7243832556332557,0.6468531468531469,0.9343434343434344,0.9343434343434344,0.7644628099173554,0.4440226792235249,0.5144230769230769,0.8916666666666667,0.6468531468531469,0.49159908254712903,0.8399135586635587,0.8208060660837807,0.05298994444115684,406,198,208,0.4876847290640394,0.5247524752475248,0.6648809523809524,0.2923076923076923,0.9047619047619048,0.9047619047619048,0.4418604651162791,0.18603089321692423,0.425,0.9444444444444444,0.2923076923076923,0.2794133775820971,0.7404761904761905,0.4607133961647405,0.061599052852333185,101,21,80,0.2079207920792079
14,3,0.05363072902010066,0.0687482625909961,0.7142857142857143,0.7178640776699029,0.64,0.96,0.96,0.768,0.4325783132530121,0.47572815533980584,0.9245283018867925,0.64,0.49596459109320007,0.8375728155339807,0.8193981529585465,0.05363072902010066,406,200,206,0.49261083743842365,0.38613861386138615,0.5949404761904762,0.24691358024691357,0.9523809523809523,0.9523809523809523,0.39215686274509803,0.09246376811594204,0.2375,0.95,0.24691358024691357,0.19336529718133771,0.7404761904761904,0.46539573769992315,0.0687482625909961,101,21,80,0.2079207920792079
15,3,0.05283541375314679,0.05941682540359768,0.6847290640394089,0.6954872592880763,0.610738255033557,0.9381443298969072,0.9381443298969072,0.7398373983739838,0.38227462913655375,0.4528301886792453,0.8888888888888888,0.610738255033557,0.4419745264861499,0.8431482201906244,0.8415553880797524,0.05283541375314679,406,194,212,0.47783251231527096,0.5643564356435643,0.6898809523809524,0.3114754098360656,0.9047619047619048,0.9047619047619048,0.4634146341463415,0.22307692307692306,0.475,0.95,0.3114754098360656,0.3151164859028228,0.7321428571428571,0.46454698029230246,0.05941682540359768,101,21,80,0.2079207920792079
16,3,0.054370168278514514,0.060783915678131406,0.6748768472906403,0.6693127473114364,0.6175548589341693,0.9516908212560387,0.9516908212560387,0.7490494296577946,0.34234875444839863,0.3869346733668342,0.8850574712643678,0.6175548589341693,0.41254981386134976,0.8240477751074212,0.8262201814068404,0.054370168278514514,406,207,199,0.5098522167487685,0.5346534653465347,0.6711309523809523,0.296875,0.9047619047619048,0.9047619047619048,0.4470588235294118,0.195014414108869,0.4375,0.9459459459459459,0.296875,0.28828520509305877,0.7285714285714285,0.46773734721384963,0.060783915678131406,101,21,80,0.2079207920792079
17,3,0.05380818647793563,0.059988050518723406,0.7093596059113301,0.7106629780625121,0.635483870967742,0.9752475247524752,0.9752475247524752,0.76953125,0.4202246103204569,0.44607843137254904,0.9479166666666666,0.635483870967742,0.4957840147913912,0.8312706270627064,0.7958029932507158,0.05380818647793563,406,202,204,0.4975369458128079,0.5544554455445545,0.6836309523809524,0.3064516129032258,0.9047619047619048,0.9047619047619048,0.4578313253012048,0.2135317528984254,0.4625,0.9487179487179487,0.3064516129032258,0.30612752120358727,0.7232142857142857,0.4633538668740518,0.059988050518723406,101,21,80,0.2079207920792079
18,3,0.047552525242182696,0.06382106257012428,0.7142857142857143,0.7250237174341385,0.6341463414634146,0.9430051813471503,0.9430051813471503,0.7583333333333333,0.4399866822040952,0.5070422535211268,0.907563025210084,0.6341463414634146,0.49375592241058436,0.888929431511348,0.8586605224948483,0.047552525242182696,406,193,213,0.4753694581280788,0.5247524752475248,0.6648809523809524,0.2923076923076923,0.9047619047619048,0.9047619047619048,0.4418604651162791,0.18603089321692423,0.425,0.9444444444444444,0.2923076923076923,0.2794133775820971,0.7220238095238095,0.4688140198622487,0.06382106257012428,101,21,80,0.2079207920792079
19,3,0.05015577907786416,0.07078376911709656,0.7167487684729064,0.7257382427998542,0.636986301369863,0.9538461538461539,0.9538461538461539,0.7638603696098563,0.4431192004007538,0.4976303317535545,0.9210526315789473,0.636986301369863,0.5019377015880957,0.8631668489488394,0.8376859396184185,0.05015577907786416,406,195,211,0.4802955665024631,0.43564356435643564,0.6261904761904762,0.2631578947368421,0.9523809523809523,0.9523809523809523,0.41237113402061853,0.1283875851627554,0.3,0.96,0.2631578947368421,0.23732004130501186,0.7285714285714285,0.4692558706000952,0.07078376911709656,101,21,80,0.2079207920792079
20,3,0.052783358906650354,0.06041389043525894,0.687192118226601,0.687192118226601,0.61875,0.9753694581280788,0.9753694581280788,0.7571701720841301,0.37438423645320196,0.39901477832512317,0.9418604651162791,0.61875,0.45813068106189153,0.8359824310223495,0.8354536946481242,0.052783358906650354,406,203,203,0.5,0.5643564356435643,0.6723214285714285,0.3050847457627119,0.8571428571428571,0.8571428571428571,0.45,0.20671188861121026,0.4875,0.9285714285714286,0.3050847457627119,0.2837744377345988,0.7297619047619047,0.4654425171082204,0.06041389043525894,101,21,80,0.2079207920792079
21,3,0.04976179943522645,0.07113413750147908,0.7167487684729064,0.708843537414966,0.6588628762541806,0.9380952380952381,0.9380952380952381,0.7740667976424361,0.42410637195648415,0.47959183673469385,0.8785046728971962,0.6588628762541806,0.4737631050573359,0.8588921282798835,0.8535482836230845,0.04976179943522645,406,210,196,0.5172413793103449,0.44554455445544555,0.6324404761904762,0.26666666666666666,0.9523809523809523,0.9523809523809523,0.4166666666666667,0.13596089214787666,0.3125,0.9615384615384616,0.26666666666666666,0.2458601059488743,0.7267857142857143,0.46450531462556954,0.07113413750147908,101,21,80,0.2079207920792079
22,3,0.05321935749898912,0.0633510790516318,0.7167487684729064,0.7005360623781677,0.662379421221865,0.9537037037037037,0.9537037037037037,0.7817836812144212,0.41351588996357236,0.4473684210526316,0.8947368421052632,0.662379421221865,0.4726984276141833,0.8282651072124757,0.8253296880263619,0.05321935749898912,406,216,190,0.5320197044334976,0.504950495049505,0.6172619047619048,0.2698412698412698,0.8095238095238095,0.8095238095238095,0.40476190476190477,0.13497773210003428,0.425,0.8947368421052632,0.2698412698412698,0.19646242841300957,0.7095238095238094,0.4660746626022699,0.0633510790516318,101,21,80,0.2079207920792079
23,3,0.046354272799380584,0.06448911008249858,0.7586206896551724,0.7491733125851001,0.6938775510204082,0.9622641509433962,0.9622641509433962,0.8063241106719368,0.5074523396880416,0.5360824742268041,0.9285714285714286,0.6938775510204082,0.5569518366252388,0.88297510212021,0.8730179328145468,0.046354272799380584,406,212,194,0.5221674876847291,0.5148514851485149,0.6586309523809524,0.2878787878787879,0.9047619047619048,0.9047619047619048,0.4367816091954023,0.17722360764754774,0.4125,0.9428571428571428,0.2878787878787879,0.2705618614703342,0.7452380952380953,0.4393298827284813,0.06448911008249858,101,21,80,0.2079207920792079
24,3,0.04682297102365473,0.06097415679521711,0.7216748768472906,0.7170514407787731,0.6566666666666666,0.9516908212560387,0.9516908212560387,0.777120315581854,0.43805884226256087,0.4824120603015075,0.9056603773584906,0.6566666666666666,0.49407265679154705,0.8807807151700532,0.8857844223611211,0.04682297102365473,406,207,199,0.5098522167487685,0.5742574257425742,0.6785714285714286,0.3103448275862069,0.8571428571428571,0.8571428571428571,0.45569620253164556,0.2164892657405737,0.5,0.9302325581395349,0.3103448275862069,0.293121979561497,0.7363095238095239,0.46048378382586436,0.06097415679521711,101,21,80,0.2079207920792079
25,3,0.04911581598915586,0.05967154414485218,0.7339901477832512,0.7442895716266511,0.6501766784452296,0.9533678756476683,0.9533678756476683,0.773109243697479,0.4781118331786046,0.5352112676056338,0.926829268292683,0.6501766784452296,0.5309548672997262,0.8616604636454305,0.8384725193504228,0.04911581598915586,406,193,213,0.4753694581280788,0.5742574257425742,0.6610119047619047,0.30357142857142855,0.8095238095238095,0.8095238095238095,0.44155844155844154,0.1994470046082948,0.5125,0.9111111111111111,0.30357142857142855,0.26293133945351177,0.7363095238095237,0.43907761522300726,0.05967154414485218,101,21,80,0.2079207920792079
26,3,0.04838506113726352,0.06453670707927776,0.7266009852216748,0.7377093068535825,0.6441281138790036,0.9427083333333334,0.9427083333333334,0.7653276955602537,0.4643544821356408,0.5327102803738317,0.912,0.6441281138790036,0.5141922373431325,0.868014992211838,0.8489963192408553,0.04838506113726352,406,192,214,0.4729064039408867,0.48514851485148514,0.6047619047619048,0.26153846153846155,0.8095238095238095,0.8095238095238095,0.3953488372093023,0.11820013431833454,0.4,0.8888888888888888,0.26153846153846155,0.17753340958284872,0.7190476190476192,0.4630985785248667,0.06453670707927776,101,21,80,0.2079207920792079
27,3,0.04901122743650362,0.06652934425787096,0.7413793103448276,0.7382281553398058,0.6735395189003437,0.9514563106796117,0.9514563106796117,0.7887323943661971,0.47942361704725844,0.525,0.9130434782608695,0.6735395189003437,0.52865978732529,0.8625970873786407,0.8542851531182143,0.04901122743650362,406,206,200,0.5073891625615764,0.48514851485148514,0.6223214285714286,0.26865671641791045,0.8571428571428571,0.8571428571428571,0.4090909090909091,0.13533091866973979,0.3875,0.9117647058823529,0.26865671641791045,0.21009238977486652,0.7208333333333333,0.47821424208679914,0.06652934425787096,101,21,80,0.2079207920792079
1,4,0.07307752666838944,0.08302613779312314,0.5246305418719212,0.5,0.5246305418719212,1.0,1.0,0.6882067851373183,0.0,0.0,0.0,0.5246305418719212,0.0,0.5545500985185726,0.5963127173882634,0.07307752666838944,406,213,193,0.5246305418719212,0.2079207920792079,0.5,0.2079207920792079,1.0,1.0,0.3442622950819672,0.0,0.0,0.0,0.2079207920792079,0.0,0.6202380952380953,0.4023027715007229,0.08302613779312314,101,21,80,0.2079207920792079
2,4,0.06895594594293628,0.0796895339753073,0.5073891625615764,0.5,0.5073891625615764,1.0,1.0,0.673202614379085,0.0,0.0,0.0,0.5073891625615764,0.0,0.6459466019417476,0.6529029057283914,0.06895594594293628,406,206,200,0.5073891625615764,0.2079207920792079,0.5,0.2079207920792079,1.0,1.0,0.3442622950819672,0.0,0.0,0.0,0.2079207920792079,0.0,0.7458333333333333,0.5075055056423005,0.0796895339753073,101,21,80,0.2079207920792079
3,4,0.06572625369035405,0.0762541497882345,0.5467980295566502,0.5,0.5467980295566502,1.0,1.0,0.7070063694267515,0.0,0.0,0.0,0.5467980295566502,0.0,0.7191539365452407,0.7201743530288244,0.06572625369035405,406,222,184,0.5467980295566502,0.2079207920792079,0.5,0.2079207920792079,1.0,1.0,0.3442622950819672,0.0,0.0,0.0,0.2079207920792079,0.0,0.7833333333333333,0.5631207829059754,0.0762541497882345,101,21,80,0.2079207920792079
4,4,0.06436108816598583,0.07113673128556497,0.5098522167487685,0.5167718446601942,0.5012722646310432,0.985,0.985,0.6644182124789207,0.033078819502620926,0.04854368932038835,0.7692307692307693,0.5012722646310432,0.09525581204358675,0.7627912621359223,0.7544976636880933,0.06436108816598583,406,200,206,0.49261083743842365,0.21782178217821782,0.50625,0.21,1.0,1.0,0.34710743801652894,0.0052362548310683765,0.0125,1.0,0.21,0.05123475382979799,0.7976190476190477,0.5895195393736445,0.07113673128556497,101,21,80,0.2079207920792079
5,4,0.062208881555813285,0.07630038363766847,0.541871921182266,0.5280645082942705,0.5292620865139949,0.9952153110047847,0.9952153110047847,0.6910299003322259,0.0576755097456888,0.06091370558375635,0.9230769230769231,0.5292620865139949,0.15934033944037165,0.7722050858572366,0.7788261597188563,0.062208881555813285,406,209,197,0.5147783251231527,0.21782178217821782,0.50625,0.21,1.0,1.0,0.34710743801652894,0.0052362548310683765,0.0125,1.0,0.21,0.05123475382979799,0.8071428571428572,0.5898970240701216,0.07630038363766847,101,21,80,0.2079207920792079
6,4,0.0617419387996105,0.0641139054689372,0.5788177339901478,0.580785284410794,0.5424657534246575,0.9801980198019802,0.9801980198019802,0.6984126984126984,0.1609339875758382,0.18137254901960784,0.9024390243902439,0.5424657534246575,0.2681110180932441,0.771233741021161,0.752605602180586,0.0617419387996105,406,202,204,0.4975369458128079,0.31683168316831684,0.56875,0.23333333333333334,1.0,1.0,0.3783783783783784,0.06217198223657672,0.1375,1.0,0.23333333333333334,0.17911821050170565,0.8244047619047619,0.6114940004211922,0.0641139054689372,101,21,80,0.2079207920792079
7,4,0.059735092469789274,0.06490829240272541,0.5960591133004927,0.6017961165048543,0.55,0.99,0.99,0.7071428571428572,0.20124760076775428,0.21359223300970873,0.9565217391304348,0.55,0.32112908921106226,0.7982281553398058,0.7880756359889576,0.059735092469789274,406,200,206,0.49261083743842365,0.3465346534653465,0.5875,0.2413793103448276,1.0,1.0,0.3888888888888889,0.08105872622001664,0.175,1.0,0.2413793103448276,0.20552707683014623,0.8363095238095238,0.6228263414535504,0.06490829240272541,101,21,80,0.2079207920792079
8,4,0.059169755474402765,0.0636603901955751,0.6206896551724138,0.644227015420652,0.551829268292683,0.9627659574468085,0.9627659574468085,0.7015503875968992,0.27439420666604775,0.3256880733944954,0.9102564102564102,0.551829268292683,0.3650896829157529,0.7974331446418115,0.7593152329798609,0.059169755474402765,406,188,218,0.4630541871921182,0.38613861386138615,0.6125,0.25301204819277107,1.0,1.0,0.40384615384615385,0.10772299800512974,0.225,1.0,0.25301204819277107,0.23859528671659358,0.8380952380952381,0.6215564951375065,0.0636603901955751,101,21,80,0.2079207920792079
9,4,0.05986044095746549,0.06318328924255796,0.6108374384236454,0.6211352099676972,0.5568513119533528,0.9695431472081218,0.9695431472081218,0.7074074074074074,0.23722323955385372,0.2727272727272727,0.9047619047619048,0.5568513119533528,0.33441774453717876,0.791465280645083,0.7597369861607527,0.05986044095746549,406,197,209,0.4852216748768473,0.39603960396039606,0.61875,0.25609756097560976,1.0,1.0,0.4077669902912621,0.11467164822531972,0.2375,1.0,0.25609756097560976,0.2466235405059852,0.8398809523809523,0.6104850859329718,0.06318328924255796,101,21,80,0.2079207920792079
10,4,0.05664317675618446,0.06760703528871631,0.6477832512315271,0.6462822752863522,0.5932721712538226,0.9509803921568627,0.9509803921568627,0.7306967984934086,0.29344042838018747,0.3415841584158416,0.8734177215189873,0.5932721712538226,0.36950902388967544,0.8202776159968939,0.7937166899962629,0.05664317675618446,406,204,202,0.5024630541871922,0.3465346534653465,0.5875,0.2413793103448276,1.0,1.0,0.3888888888888889,0.08105872622001664,0.175,1.0,0.2413793103448276,0.20552707683014623,0.8279761904761904,0.6115036731025616,0.06760703528871631,101,21,80,0.2079207920792079
11,4,0.05438502176763407,0.06938613817501481,0.6527093596059114,0.6461170587235696,0.5970588235294118,0.9806763285024155,0.9806763285024155,0.7422303473491774,0.2960576473770936,0.31155778894472363,0.9393939393939394,0.5970588235294118,0.3959416620223046,0.840385502391183,0.8454858341140551,0.05438502176763407,406,207,199,0.5098522167487685,0.3465346534653465,0.5875,0.2413793103448276,1.0,1.0,0.3888888888888889,0.08105872622001664,0.175,1.0,0.2413793103448276,0.20552707683014623,0.8285714285714285,0.6037547869153093,0.06938613817501481,101,21,80,0.2079207920792079
12,4,0.05748746009013648,0.056077628064494914,0.6625615763546798,0.6397904483430799,0.6125356125356125,0.9953703703703703,0.9953703703703703,0.7583774250440917,0.29207076492299855,0.28421052631578947,0.9818181818181818,0.6125356125356125,0.4076395059047335,0.7953703703703703,0.7730171026684671,0.05748746009013648,406,216,190,0.5320197044334976,0.5346534653465347,0.6711309523809523,0.296875,0.9047619047619048,0.9047619047619048,0.4470588235294118,0.195014414108869,0.4375,0.9459459459459459,0.296875,0.28828520509305877,0.8333333333333334,0.6078333035301435,0.056077628064494914,101,21,80,0.2079207920792079
13,4,0.05496889819090571,0.06476867268101709,0.6650246305418719,0.6545918367346939,0.6128048780487805,0.9571428571428572,0.9571428571428572,0.7472118959107806,0.3155154460256855,0.3520408163265306,0.8846153846153846,0.6128048780487805,0.39216606695201756,0.8285471331389699,0.8357689594208711,0.05496889819090571,406,210,196,0.5172413793103449,0.46534653465346537,0.6625,0.28,1.0,1.0,0.4375,0.1668194317140239,0.325,1.0,0.28,0.30166206257996714,0.8113095238095238,0.5818018416956792,0.06476867268101709,101,21,80,0.2079207920792079
14,4,0.05648735644676599,0.057738964713298445,0.6502463054187192,0.647251547142337,0.5963302752293578,0.9512195121951219,0.9512195121951219,0.7330827067669173,0.2962574155904396,0.34328358208955223,0.8734177215189873,0.5963302752293578,0.3719438648188927,0.8104113578449217,0.8049570373296205,0.05648735644676599,406,205,201,0.5049261083743842,0.5346534653465347,0.6886904761904762,0.30303030303030304,0.9523809523809523,0.9523809523809523,0.45977011494252873,0.21080631753948453,0.425,0.9714285714285714,0.30303030303030304,0.3218315575463262,0.831547619047619,0.6025170284021004,0.057738964713298445,101,21,80,0.2079207920792079
15,4,0.05639749894026447,0.05343620165592373,0.6527093596059114,0.6527093596059113,0.595679012345679,0.9507389162561576,0.9507389162561576,0.7324478178368121,0.3054187192118226,0.35467980295566504,0.8780487804878049,0.595679012345679,0.38037525648002696,0.8108422917323888,0.7922583625275226,0.05639749894026447,406,203,203,0.5,0.6237623762376238,0.7273809523809525,0.34545454545454546,0.9047619047619048,0.9047619047619048,0.5,0.2847558702944466,0.55,0.9565217391304348,0.34545454545454546,0.37057699654834036,0.8220238095238095,0.5874604425310577,0.05343620165592373,101,21,80,0.2079207920792079
16,4,0.05499262280080908,0.058178506293656805,0.6600985221674877,0.657201795898556,0.6037151702786377,0.9512195121951219,0.9512195121951219,0.7386363636363636,0.3162146989186946,0.36318407960199006,0.8795180722891566,0.6037151702786377,0.3897823330258564,0.826210411357845,0.8125342978347152,0.05499262280080908,406,205,201,0.5049261083743842,0.5346534653465347,0.6711309523809523,0.296875,0.9047619047619048,0.9047619047619048,0.4470588235294118,0.195014414108869,0.4375,0.9459459459459459,0.296875,0.28828520509305877,0.8220238095238095,0.5914809249878887,0.058178506293656805,101,21,80,0.2079207920792079
17,4,0.055524457614235766,0.05303985951007298,0.6625615763546798,0.6772293613707165,0.5889967637540453,0.9479166666666666,0.9479166666666666,0.7265469061876247,0.34369321533923314,0.40654205607476634,0.8969072164948454,0.5889967637540453,0.41500952304013494,0.8246690031152648,0.7769529996685346,0.055524457614235766,406,192,214,0.4729064039408867,0.6534653465346535,0.7285714285714285,0.36,0.8571428571428571,0.8571428571428571,0.5070422535211268,0.30289883652139615,0.6,0.9411764705882353,0.36,0.371053462817567,0.8035714285714286,0.5792726666322525,0.05303985951007298,101,21,80,0.2079207920792079
18,4,0.05607915917936749,0.0663383427251241,0.7068965517241379,0.678228021978022,0.6625386996904025,0.9553571428571429,0.9553571428571429,0.7824497257769653,0.37561063868282984,0.4010989010989011,0.8795180722891566,0.6625386996904025,0.4395673014902462,0.8024676216640503,0.7952335091161621,0.05607915917936749,406,224,182,0.5517241379310345,0.4752475247524752,0.66875,0.28378378378378377,1.0,1.0,0.4421052631578947,0.17481116078310477,0.3375,1.0,0.28378378378378377,0.3094786374324196,0.8226190476190476,0.6017666237408235,0.0663383427251241,101,21,80,0.2079207920792079
19,4,0.05472986308084755,0.05750146330712308,0.6822660098522167,0.6894182206682207,0.6081504702194357,0.9797979797979798,0.9797979797979798,0.7504835589941973,0.3733518390006939,0.39903846153846156,0.9540229885057471,0.6081504702194357,0.4614886699771155,0.8263646076146076,0.784678499992826,0.05472986308084755,406,198,208,0.4876847290640394,0.5643564356435643,0.6898809523809524,0.3114754098360656,0.9047619047619048,0.9047619047619048,0.4634146341463415,0.22307692307692306,0.475,0.95,0.3114754098360656,0.3151164859028228,0.8226190476190477,0.6085681251619603,0.05750146330712308,101,21,80,0.2079207920792079
20,4,0.056540584289170616,0.05662944643195755,0.6674876847290641,0.6903642773207991,0.5830508474576271,0.9347826086956522,0.9347826086956522,0.7181628392484343,0.3620364550597108,0.44594594594594594,0.8918918918918919,0.5830508474576271,0.42523436207586,0.814042303172738,0.736917101046942,0.056540584289170616,406,184,222,0.45320197044334976,0.5742574257425742,0.6785714285714286,0.3103448275862069,0.8571428571428571,0.8571428571428571,0.45569620253164556,0.2164892657405737,0.5,0.9302325581395349,0.3103448275862069,0.293121979561497,0.7982142857142858,0.5807045802031898,0.05662944643195755,101,21,80,0.2079207920792079
21,4,0.05096753186424689,0.05526931071653962,0.6970443349753694,0.6851779809375608,0.6412698412698413,0.9528301886792453,0.9528301886792453,0.7666034155597723,0.378896047362006,0.4175257731958763,0.8901098901098901,0.6412698412698413,0.4436210675070382,0.8578827076444272,0.8426227234273904,0.05096753186424689,406,212,194,0.5221674876847291,0.6237623762376238,0.7273809523809525,0.34545454545454546,0.9047619047619048,0.9047619047619048,0.5,0.2847558702944466,0.55,0.9565217391304348,0.34545454545454546,0.37057699654834036,0.8261904761904761,0.6083906521966946,0.05526931071653962,101,21,80,0.2079207920792079
22,4,0.05206541147821679,0.05868362840311141,0.6896551724137931,0.6601484966551496,0.6465256797583081,0.9596412556053812,0.9596412556053812,0.7725631768953068,0.3381976247768378,0.36065573770491804,0.88,0.6465256797583081,0.41066359971057526,0.8379769168565757,0.8457405008456479,0.05206541147821679,406,223,183,0.5492610837438424,0.5643564356435643,0.6723214285714285,0.3050847457627119,0.8571428571428571,0.8571428571428571,0.45,0.20671188861121026,0.4875,0.9285714285714286,0.3050847457627119,0.2837744377345988,0.7904761904761904,0.5671319019777543,0.05868362840311141,101,21,80,0.2079207920792079
23,4,0.05525649278459089,0.05177211653127676,0.6724137931034483,0.6774816109533173,0.6078431372549019,0.9346733668341709,0.9346733668341709,0.7366336633663366,0.35131303909084366,0.42028985507246375,0.87,0.6078431372549019,0.4118455287677338,0.8225183890466826,0.7817491097667348,0.05525649278459089,406,199,207,0.49014778325123154,0.6534653465346535,0.7110119047619048,0.3541666666666667,0.8095238095238095,0.8095238095238095,0.4927536231884058,0.2862911366848374,0.6125,0.9245283018867925,0.3541666666666667,0.34295176384449333,0.7934523809523809,0.5658485349050939,0.05177211653127676,101,21,80,0.2079207920792079
24,4,0.0521996940802691,0.06041841401192959,0.6945812807881774,0.6982281553398058,0.6258278145695364,0.945,0.945,0.7529880478087649,0.3935334650411989,0.45145631067961167,0.8942307692307693,0.6258278145695364,0.45407103791227743,0.8455339805825242,0.8182329079405691,0.0521996940802691,406,200,206,0.49261083743842365,0.5346534653465347,0.6535714285714286,0.2903225806451613,0.8571428571428571,0.8571428571428571,0.43373493975903615,0.1785776085827998,0.45,0.9230769230769231,0.2903225806451613,0.2560158848315252,0.7726190476190475,0.5571730576497753,0.06041841401192959,101,21,80,0.2079207920792079
25,4,0.052205394930550326,0.06233214096415161,0.7044334975369458,0.7067831573838127,0.6354515050167224,0.945273631840796,0.945273631840796,0.76,0.41160841525567016,0.4682926829268293,0.897196261682243,0.6354515050167224,0.4693454739772154,0.8465720179589856,0.8135532056832229,0.052205394930550326,406,201,205,0.49507389162561577,0.5247524752475248,0.6648809523809524,0.2923076923076923,0.9047619047619048,0.9047619047619048,0.4418604651162791,0.18603089321692423,0.425,0.9444444444444444,0.2923076923076923,0.2794133775820971,0.786904761904762,0.5666883747348668,0.06233214096415161,101,21,80,0.2079207920792079
26,4,0.05003182694322792,0.061344884538857065,0.7142857142857143,0.7142857142857143,0.6435643564356436,0.9605911330049262,0.9605911330049262,0.7707509881422925,0.4285714285714286,0.46798029556650245,0.9223300970873787,0.6435643564356436,0.49246948572171406,0.8569729913368438,0.8367206994058523,0.05003182694322792,406,203,203,0.5,0.5643564356435643,0.7074404761904762,0.31746031746031744,0.9523809523809523,0.9523809523809523,0.47619047619047616,0.23878040424803015,0.4625,0.9736842105263158,0.31746031746031744,0.34754901676108546,0.8101190476190476,0.5785892334832563,0.061344884538857065,101,21,80,0.2079207920792079
27,4,0.04970866639690079,0.061271078252962026,0.7266009852216748,0.7310101230791639,0.6506849315068494,0.9547738693467337,0.9547738693467337,0.7739307535641547,0.45788523998556485,0.5072463768115942,0.9210526315789473,0.6506849315068494,0.5139594630268639,0.862646566164154,0.8464019555772679,0.04970866639690079,406,199,207,0.49014778325123154,0.5643564356435643,0.6898809523809524,0.3114754098360656,0.9047619047619048,0.9047619047619048,0.4634146341463415,0.22307692307692306,0.475,0.95,0.3114754098360656,0.3151164859028228,0.8095238095238095,0.5755751270374625,0.061271078252962026,101,21,80,0.2079207920792079
28,4,0.051258970373149575,0.058741297353852064,0.7216748768472906,0.713265306122449,0.659016393442623,0.9571428571428572,0.9571428571428572,0.7805825242718447,0.43353500432152114,0.46938775510204084,0.9108910891089109,0.659016393442623,0.49303446883119056,0.8458697764820213,0.8290401832794161,0.051258970373149575,406,210,196,0.5172413793103449,0.594059405940594,0.6910714285714286,0.32142857142857145,0.8571428571428571,0.8571428571428571,0.4675324675324675,0.23668202764976953,0.525,0.9333333333333333,0.32142857142857145,0.31201833628309533,0.8125,0.5769615654835181,0.058741297353852064,101,21,80,0.2079207920792079
29,4,0.04957742134557597,0.05367117121557493,0.7216748768472906,0.7159819347319347,0.6588628762541806,0.9471153846153846,0.9471153846153846,0.777120315581854,0.436789511159125,0.48484848484848486,0.897196261682243,0.6588628762541806,0.4900994357003088,0.861111111111111,0.8450713780052467,0.04957742134557597,406,208,198,0.5123152709359606,0.6534653465346535,0.7285714285714285,0.36,0.8571428571428571,0.8571428571428571,0.5070422535211268,0.30289883652139615,0.6,0.9411764705882353,0.36,0.371053462817567,0.7976190476190476,0.5740516223707013,0.05367117121557493,101,21,80,0.2079207920792079
30,4,0.05200464784708493,0.05896270120663956,0.7216748768472906,0.7084063473520249,0.6644951140065146,0.9532710280373832,0.9532710280373832,0.783109404990403,0.42745538499937596,0.4635416666666667,0.898989898989899,0.6644951140065146,0.48463151640435204,0.8433119158878506,0.8097467804812281,0.05200464784708493,406,214,192,0.5270935960591133,0.5742574257425742,0.6785714285714286,0.3103448275862069,0.8571428571428571,0.8571428571428571,0.45569620253164556,0.2164892657405737,0.5,0.9302325581395349,0.3103448275862069,0.293121979561497,0.7964285714285715,0.57373700361476,0.05896270120663956,101,21,80,0.2079207920792079
31,4,0.049967068413517945,0.0623829484096553,0.7216748768472906,0.714509508658587,0.6578947368421053,0.9569377990430622,0.9569377990430622,0.7797270955165692,0.43504174568381637,0.4720812182741117,0.9117647058823529,0.6578947368421053,0.4943629580815051,0.8611468680931679,0.8437866501815822,0.049967068413517945,406,209,197,0.5147783251231527,0.5643564356435643,0.6723214285714285,0.3050847457627119,0.8571428571428571,0.8571428571428571,0.45,0.20671188861121026,0.4875,0.9285714285714286,0.3050847457627119,0.2837744377345988,0.8017857142857143,0.5734154947262469,0.0623829484096553,101,21,80,0.2079207920792079
32,4,0.047730554517454886,0.05522864585106104,0.7364532019704434,0.7234959112149533,0.6754098360655738,0.9626168224299065,0.9626168224299065,0.7938342967244701,0.4581535161024771,0.484375,0.9207920792079208,0.6754098360655738,0.5162338429861995,0.8666764018691588,0.863515404477935,0.047730554517454886,406,214,192,0.5270935960591133,0.6138613861386139,0.7035714285714285,0.3333333333333333,0.8571428571428571,0.8571428571428571,0.48,0.25777275296777846,0.55,0.9361702127659575,0.3333333333333333,0.33124982078334314,0.799404761904762,0.5712550308171886,0.05522864585106104,101,21,80,0.2079207920792079
33,4,0.05274236375830719,0.05298767436185096,0.7216748768472906,0.7330364096573209,0.6395759717314488,0.9427083333333334,0.9427083333333334,0.7621052631578947,0.45498823920739384,0.5233644859813084,0.9105691056910569,0.6395759717314488,0.506367126960646,0.8321894470404985,0.8064648951056832,0.05274236375830719,406,192,214,0.4729064039408867,0.6336633663366337,0.6985119047619048,0.34,0.8095238095238095,0.8095238095238095,0.4788732394366197,0.26306448432261875,0.5875,0.9215686274509803,0.34,0.3222560673168193,0.7952380952380953,0.5724680140391587,0.05298767436185096,101,21,80,0.2079207920792079
34,4,0.049906296750158986,0.0578228921634099,0.7142857142857143,0.6894339992166079,0.6666666666666666,0.954954954954955,0.954954954954955,0.7851851851851852,0.39657646576465766,0.42391304347826086,0.8863636363636364,0.6666666666666666,0.457739537272023,0.8562230708969839,0.8740659166077335,0.049906296750158986,406,222,184,0.5467980295566502,0.6039603960396039,0.6973214285714285,0.32727272727272727,0.8571428571428571,0.8571428571428571,0.47368421052631576,0.247111442415207,0.5375,0.9347826086956522,0.32727272727272727,0.3215871056433896,0.7970238095238096,0.5542204255197765,0.0578228921634099,101,21,80,0.2079207920792079
35,4,0.05009470282499839,0.06527714668265959,0.7339901477832512,0.7310194174757282,0.6713286713286714,0.9320388349514563,0.9320388349514563,0.7804878048780488,0.46474609375,0.53,0.8833333333333333,0.6713286713286714,0.5062364925860955,0.8615291262135922,0.8421152079207742,0.05009470282499839,406,206,200,0.5073891625615764,0.5247524752475248,0.6473214285714286,0.2857142857142857,0.8571428571428571,0.8571428571428571,0.42857142857142855,0.16957862281603298,0.4375,0.9210526315789473,0.2857142857142857,0.24682462452903486,0.7958333333333334,0.5556487731315576,0.06527714668265959,101,21,80,0.2079207920792079
36,4,0.04684588273877067,0.062192159031729886,0.7610837438423645,0.7381524725274726,0.7095709570957096,0.9598214285714286,0.9598214285714286,0.8159392789373814,0.4965097547879004,0.5164835164835165,0.912621359223301,0.7095709570957096,0.5443833915889934,0.8689903846153846,0.8723089912805551,0.04684588273877067,406,224,182,0.5517241379310345,0.5742574257425742,0.6434523809523809,0.2962962962962963,0.7619047619047619,0.7619047619047619,0.4266666666666667,0.18164688147729424,0.525,0.8936170212765957,0.2962962962962963,0.23342458131223887,0.7630952380952382,0.5254266076321978,0.062192159031729886,101,21,80,0.2079207920792079
37,4,0.04749482323179306,0.06338803878164675,0.7586206896551724,0.757644146767618,0.6866197183098591,0.9558823529411765,0.9558823529411765,0.7991803278688525,0.516290604940673,0.5594059405940595,0.9262295081967213,0.6866197183098591,0.5619555428332076,0.8742477188895361,0.8535157055323679,0.04749482323179306,406,204,202,0.5024630541871922,0.5544554455445545,0.6660714285714285,0.3,0.8571428571428571,0.8571428571428571,0.4444444444444444,0.19713831478537358,0.475,0.926829268292683,0.3,0.27448082128694423,0.7904761904761906,0.545923331537884,0.06338803878164675,101,21,80,0.2079207920792079
38,4,0.0497603936575633,0.057772543795388376,0.7364532019704434,0.7414529914529915,0.6607773851590106,0.9444444444444444,0.9444444444444444,0.7775467775467776,0.4779735153452378,0.5384615384615384,0.9105691056910569,0.6607773851590106,0.5252681588901388,0.8633449883449884,0.8200115669101338,0.0497603936575633,406,198,208,0.4876847290640394,0.6039603960396039,0.6973214285714285,0.32727272727272727,0.8571428571428571,0.8571428571428571,0.47368421052631576,0.247111442415207,0.5375,0.9347826086956522,0.32727272727272727,0.3215871056433896,0.7976190476190477,0.5617632548104539,0.057772543795388376,101,21,80,0.2079207920792079
1,5,0.07799507483032536,0.07113956143655399,0.5073891625615764,0.49834887334887334,0.5113636363636364,0.8653846153846154,0.8653846153846154,0.6428571428571429,-0.0033610122578093815,0.13131313131313133,0.48148148148148145,0.5113636363636364,-0.004860785247590436,0.4881993006993008,0.5163877143320196,0.07799507483032536,406,208,198,0.5123152709359606,0.2079207920792079,0.5,0.2079207920792079,1.0,1.0,0.3442622950819672,0.0,0.0,0.0,0.2079207920792079,0.0,0.6488095238095238,0.3740022626602533,0.07113956143655399,101,21,80,0.2079207920792079
2,5,0.0691802187689713,0.0643472323692081,0.4482758620689655,0.5,0.4482758620689655,1.0,1.0,0.6190476190476191,0.0,0.0,0.0,0.4482758620689655,0.0,0.6828885400313972,0.6166813548457182,0.0691802187689713,406,182,224,0.4482758620689655,0.2079207920792079,0.5,0.2079207920792079,1.0,1.0,0.3442622950819672,0.0,0.0,0.0,0.2079207920792079,0.0,0.6875,0.47134193475616065,0.0643472323692081,101,21,80,0.2079207920792079
3,5,0.06854925178028093,0.07294623173847056,0.5098522167487685,0.5,0.5098522167487685,1.0,1.0,0.6753670473083198,0.0,0.0,0.0,0.5098522167487685,0.0,0.6595295317165539,0.6258508233961112,0.06854925178028093,406,207,199,0.5098522167487685,0.2079207920792079,0.5,0.2079207920792079,1.0,1.0,0.3442622950819672,0.0,0.0,0.0,0.2079207920792079,0.0,0.7279761904761903,0.4801876619387454,0.07294623173847056,101,21,80,0.2079207920792079
4,5,0.06590450985421395,0.06700466283698484,0.5049261083743842,0.5049261083743842,0.5024752475247525,1.0,1.0,0.6688632619439868,0.009852216748768461,0.009852216748768473,1.0,0.5024752475247525,0.07035975447302918,0.7430658351331019,0.7320792509880397,0.06590450985421395,406,203,203,0.5,0.22772277227722773,0.5125,0.21212121212121213,1.0,1.0,0.35,0.010550113036925324,0.025,1.0,0.21212121212121213,0.07282190812544191,0.7428571428571429,0.5127669896727882,0.06700466283698484,101,21,80,0.2079207920792079
5,5,0.06448931937459214,0.06351424233600644,0.5024630541871922,0.522928418595604,0.4897435897435897,0.9845360824742269,0.9845360824742269,0.6541095890410958,0.0439709036650191,0.06132075471698113,0.8125,0.4897435897435897,0.11772822553218935,0.7615979381443299,0.7324293994859356,0.06448931937459214,406,194,212,0.47783251231527096,0.32673267326732675,0.5574404761904762,0.22988505747126436,0.9523809523809523,0.9523809523809523,0.37037037037037035,0.05321202095395661,0.1625,0.9285714285714286,0.22988505747126436,0.13492083615040212,0.7607142857142857,0.5355029141412322,0.06351424233600644,101,21,80,0.2079207920792079
6,5,0.0620971619234113,0.06147112535073025,0.5591133004926109,0.5694687257187258,0.5254691689008043,0.98989898989899,0.98989898989899,0.6865148861646234,0.13604698162105622,0.14903846153846154,0.9393939393939394,0.5254691689008043,0.2541395198188658,0.7792103729603729,0.7730796479444888,0.0620971619234113,406,198,208,0.4876847290640394,0.39603960396039606,0.6011904761904762,0.25,0.9523809523809523,0.9523809523809523,0.39603960396039606,0.09940067241631334,0.25,0.9523809523809523,0.25,0.20238095238095238,0.7625,0.5330674324478135,0.06147112535073025,101,21,80,0.2079207920792079
7,5,0.059221869176299555,0.06388579129176859,0.603448275862069,0.6138124499064921,0.5523255813953488,0.9644670050761421,0.9644670050761421,0.7024029574861368,0.22285102841517057,0.2631578947368421,0.8870967741935484,0.5523255813953488,0.31626487264081077,0.8106526121487383,0.7687047380761114,0.059221869176299555,406,197,209,0.4852216748768473,0.4158415841584158,0.6136904761904762,0.2564102564102564,0.9523809523809523,0.9523809523809523,0.40404040404040403,0.11363974416183242,0.275,0.9565217391304348,0.2564102564102564,0.22003790568540474,0.7619047619047619,0.5398787267939579,0.06388579129176859,101,21,80,0.2079207920792079
8,5,0.06062859456912784,0.05935348234701865,0.5911330049261084,0.6076528254153591,0.5400593471810089,0.9430051813471503,0.9430051813471503,0.6867924528301886,0.20801898987050227,0.27230046948356806,0.8405797101449275,0.5400593471810089,0.28627563635271486,0.7795616531659733,0.7529508786847526,0.06062859456912784,406,193,213,0.4753694581280788,0.46534653465346537,0.6449404761904762,0.273972602739726,0.9523809523809523,0.9523809523809523,0.425531914893617,0.15152457996266344,0.3375,0.9642857142857143,0.273972602739726,0.2628051518749538,0.7821428571428571,0.5506214682624493,0.05935348234701865,101,21,80,0.2079207920792079
9,5,0.056448929232035955,0.06007254427059157,0.6551724137931034,0.6583909719694212,0.591044776119403,0.9850746268656716,0.9850746268656716,0.7388059701492538,0.3147348877583007,0.33170731707317075,0.9577464788732394,0.591044776119403,0.4169498298035463,0.8277878898191966,0.7923882448648987,0.056448929232035955,406,201,205,0.49507389162561577,0.49504950495049505,0.6636904761904762,0.2857142857142857,0.9523809523809523,0.9523809523809523,0.43956043956043955,0.17597184450487924,0.375,0.967741935483871,0.2857142857142857,0.2880568330776583,0.7696428571428572,0.5395081757280928,0.06007254427059157,101,21,80,0.2079207920792079
10,5,0.05974760684505876,0.059373581284048536,0.6354679802955665,0.6517961448598131,0.5683229813664596,0.953125,0.953125,0.7120622568093385,0.2933816266052025,0.35046728971962615,0.8928571428571429,0.5683229813664596,0.3741800768162638,0.7845599688473519,0.7448680482470609,0.05974760684505876,406,192,214,0.4729064039408867,0.49504950495049505,0.6461309523809524,0.27941176470588236,0.9047619047619048,0.9047619047619048,0.42696629213483145,0.16011739768465671,0.3875,0.9393939393939394,0.27941176470588236,0.25288054858565856,0.7708333333333334,0.526365843188614,0.059373581284048536,101,21,80,0.2079207920792079
11,5,0.056898284708080914,0.0571477806361595,0.6724137931034483,0.6677184466019417,0.6096096096096096,0.9854368932038835,0.9854368932038835,0.7532467532467533,0.3385678238075406,0.35,0.958904109589041,0.6096096096096096,0.4366926558940285,0.8056796116504855,0.7887638650266129,0.056898284708080914,406,206,200,0.5073891625615764,0.5346534653465347,0.6711309523809523,0.296875,0.9047619047619048,0.9047619047619048,0.4470588235294118,0.195014414108869,0.4375,0.9459459459459459,0.296875,0.28828520509305877,0.7821428571428571,0.4993300152853459,0.0571477806361595,101,21,80,0.2079207920792079
12,5,0.05420548160987094,0.06035816821610868,0.6650246305418719,0.6603640776699029,0.6054216867469879,0.9757281553398058,0.9757281553398058,0.7472118959107806,0.32369800597716913,0.345,0.9324324324324325,0.6054216867469879,0.4153371636229192,0.8344174757281553,0.8218120505581494,0.05420548160987094,406,206,200,0.5073891625615764,0.49504950495049505,0.6461309523809524,0.27941176470588236,0.9047619047619048,0.9047619047619048,0.42696629213483145,0.16011739768465671,0.3875,0.9393939393939394,0.27941176470588236,0.25288054858565856,0.7851190476190476,0.5434657457947403,0.06035816821610868,101,21,80,0.2079207920792079
13,5,0.05505112106705387,0.0551583040690068,0.6674876847290641,0.6585262186384281,0.6128048780487805,0.9617224880382775,0.9617224880382775,0.7486033519553073,0.3226476185768309,0.3553299492385787,0.8974358974358975,0.6128048780487805,0.40221024535117245,0.8263425060112208,0.8159525435102417,0.05505112106705387,406,209,197,0.5147783251231527,0.5742574257425742,0.6434523809523809,0.2962962962962963,0.7619047619047619,0.7619047619047619,0.4266666666666667,0.18164688147729424,0.525,0.8936170212765957,0.2962962962962963,0.23342458131223887,0.7744047619047618,0.5409452102079635,0.0551583040690068,101,21,80,0.2079207920792079
14,5,0.055422062713198654,0.055725231038240515,0.6896551724137931,0.7059225123741253,0.6075085324232082,0.9417989417989417,0.9417989417989417,0.7385892116182573,0.397725399703313,0.4700460829493088,0.9026548672566371,0.6075085324232082,0.4583756734020661,0.830858508277863,0.7745302597057719,0.055422062713198654,406,189,217,0.46551724137931033,0.5742574257425742,0.6961309523809524,0.31666666666666665,0.9047619047619048,0.9047619047619048,0.4691358024691358,0.23282105635046813,0.4875,0.9512195121951219,0.31666666666666665,0.32416283374210797,0.7857142857142857,0.4886385559048195,0.055725231038240515,101,21,80,0.2079207920792079
15,5,0.05212107512886576,0.056700858398165445,0.6945812807881774,0.6789573598130841,0.6388888888888888,0.9672897196261683,0.9672897196261683,0.7695167286245354,0.368774763027233,0.390625,0.9146341463414634,0.6388888888888888,0.44510003590327557,0.8461594626168225,0.836476880667734,0.05212107512886576,406,214,192,0.5270935960591133,0.5742574257425742,0.6785714285714286,0.3103448275862069,0.8571428571428571,0.8571428571428571,0.45569620253164556,0.2164892657405737,0.5,0.9302325581395349,0.3103448275862069,0.293121979561497,0.7869047619047619,0.5289908394809753,0.056700858398165445,101,21,80,0.2079207920792079
16,5,0.053921617498148805,0.06078550216769523,0.6798029556650246,0.6626080603920614,0.6307692307692307,0.9534883720930233,0.9534883720930233,0.7592592592592593,0.33601710907032334,0.3717277486910995,0.8765432098765432,0.6307692307692307,0.40618491352134695,0.8264945817606234,0.8202327529734212,0.053921617498148805,406,215,191,0.5295566502463054,0.5148514851485149,0.6586309523809524,0.2878787878787879,0.9047619047619048,0.9047619047619048,0.4367816091954023,0.17722360764754774,0.4125,0.9428571428571428,0.2878787878787879,0.2705618614703342,0.7761904761904762,0.5245648145052304,0.06078550216769523,101,21,80,0.2079207920792079
17,5,0.05323854535233156,0.056928507052361965,0.6921182266009852,0.6947336488290256,0.6225806451612903,0.9601990049751243,0.9601990049751243,0.7553816046966731,0.3874176182314173,0.4292682926829268,0.9166666666666666,0.6225806451612903,0.4582785106319114,0.8405775998058487,0.8075228842747998,0.05323854535233156,406,201,205,0.49507389162561577,0.5742574257425742,0.6785714285714286,0.3103448275862069,0.8571428571428571,0.8571428571428571,0.45569620253164556,0.2164892657405737,0.5,0.9302325581395349,0.3103448275862069,0.293121979561497,0.7785714285714285,0.5018314982743103,0.056928507052361965,101,21,80,0.2079207920792079
18,5,0.04983019000756568,0.05689809778428609,0.7216748768472906,0.7194393884237349,0.6554054054054054,0.9463414634146341,0.9463414634146341,0.7744510978043913,0.4408258781659069,0.4925373134328358,0.9,0.6554054054054054,0.49371615831244325,0.8664239776726126,0.8419564098537413,0.04983019000756568,406,205,201,0.5049261083743842,0.5841584158415841,0.6672619047619048,0.3090909090909091,0.8095238095238095,0.8095238095238095,0.4473684210526316,0.20946701453596728,0.525,0.9130434782608695,0.3090909090909091,0.27259721473843884,0.7761904761904762,0.4735864546983716,0.05689809778428609,101,21,80,0.2079207920792079
19,5,0.0549116350396128,0.05369875301136681,0.6847290640394089,0.6975844705538933,0.6065573770491803,0.9585492227979274,0.9585492227979274,0.7429718875502008,0.3846882474129154,0.43661971830985913,0.9207920792079208,0.6065573770491803,0.4564998644281132,0.8211827093823736,0.7743118510460878,0.0549116350396128,406,193,213,0.4753694581280788,0.6831683168316832,0.6770833333333333,0.358974358974359,0.6666666666666666,0.6666666666666666,0.4666666666666667,0.26910900045228403,0.6875,0.8870967741935484,0.358974358974359,0.2952121152611579,0.7613095238095238,0.535516083131717,0.05369875301136681,101,21,80,0.2079207920792079
20,5,0.05473962295605466,0.056214328924433725,0.6773399014778325,0.682506736581458,0.6103896103896104,0.9447236180904522,0.9447236180904522,0.7416173570019724,0.361190516226669,0.42028985507246375,0.8877551020408163,0.6103896103896104,0.4264147413281723,0.819848032432695,0.8023315348670201,0.05473962295605466,406,199,207,0.49014778325123154,0.6039603960396039,0.6797619047619048,0.32075471698113206,0.8095238095238095,0.8095238095238095,0.4594594594594595,0.23018292682926833,0.55,0.9166666666666666,0.32075471698113206,0.2921620103837433,0.7642857142857142,0.4747767357426099,0.056214328924433725,101,21,80,0.2079207920792079
21,5,0.04834935789196087,0.05637234998959126,0.7364532019704434,0.7488250334835018,0.648936170212766,0.9581151832460733,0.9581151832460733,0.773784355179704,0.48475935194629605,0.5395348837209303,0.9354838709677419,0.648936170212766,0.539292752250889,0.8798490198465847,0.8421246756437158,0.04834935789196087,406,191,215,0.47044334975369456,0.6336633663366337,0.680952380952381,0.3333333333333333,0.7619047619047619,0.7619047619047619,0.463768115942029,0.24550777306682814,0.6,0.9056603773584906,0.3333333333333333,0.294096858134629,0.7678571428571428,0.47516052788105867,0.05637234998959126,101,21,80,0.2079207920792079
22,5,0.04791358847536945,0.05675844897949459,0.7586206896551724,0.7519976683749059,0.6868686868686869,0.9760765550239234,0.9760765550239234,0.8063241106719368,0.5105425021527864,0.5279187817258884,0.9541284403669725,0.6868686868686869,0.5683832888085276,0.8707648216063925,0.8564814255588391,0.04791358847536945,406,209,197,0.5147783251231527,0.6534653465346535,0.6934523809523809,0.34782608695652173,0.7619047619047619,0.7619047619047619,0.47761194029850745,0.2688728024819027,0.625,0.9090909090909091,0.34782608695652173,0.3152814761209702,0.7601190476190476,0.5137791325920928,0.05675844897949459,101,21,80,0.2079207920792079
23,5,0.04944269760945362,0.05534523926527783,0.7536945812807881,0.7671957671957672,0.6618181818181819,0.9629629629629629,0.9629629629629629,0.7844827586206896,0.5191510528933841,0.5714285714285714,0.9465648854961832,0.6618181818181819,0.570188355580813,0.8601175237119938,0.8130413952551268,0.04944269760945362,406,189,217,0.46551724137931033,0.6732673267326733,0.7059523809523809,0.36363636363636365,0.7619047619047619,0.7619047619047619,0.49230769230769234,0.29340682637269455,0.65,0.9122807017543859,0.36363636363636365,0.33712246013168173,0.7636904761904761,0.5131969817801613,0.05534523926527783,101,21,80,0.2079207920792079
24,5,0.04805883937004926,0.06347538997871008,0.7438423645320197,0.7387092074592074,0.6793103448275862,0.9471153846153846,0.9471153846153846,0.7911646586345381,0.48221906116642954,0.5303030303030303,0.9051724137931034,0.6793103448275862,0.5282450493547783,0.8697066822066823,0.8633378636132193,0.04805883937004926,406,208,198,0.5123152709359606,0.504950495049505,0.6172619047619048,0.2698412698412698,0.8095238095238095,0.8095238095238095,0.40476190476190477,0.13497773210003428,0.425,0.8947368421052632,0.2698412698412698,0.19646242841300957,0.7583333333333333,0.4830535209139399,0.06347538997871008,101,21,80,0.2079207920792079
25,5,0.05151966547662578,0.06277929712086916,0.729064039408867,0.7301252184041933,0.6586206896551724,0.9455445544554455,0.9455445544554455,0.7764227642276422,0.4592696629213484,0.5147058823529411,0.9051724137931034,0.6586206896551724,0.5093977052673332,0.8477237429625315,0.832354321557969,0.05151966547662578,406,202,204,0.4975369458128079,0.5247524752475248,0.6297619047619047,0.2786885245901639,0.8095238095238095,0.8095238095238095,0.4146341463414634,0.15244755244755248,0.45,0.9,0.2786885245901639,0.2153460624665059,0.7595238095238095,0.4986380563751901,0.06277929712086916,101,21,80,0.2079207920792079
26,5,0.05215595655038315,0.058510836066290886,0.6970443349753694,0.6853968099591519,0.6421725239616614,0.9481132075471698,0.9481132075471698,0.7657142857142857,0.3791740222283,0.422680412371134,0.8817204301075269,0.6421725239616614,0.44074501119015286,0.8406195292744603,0.8384899050043139,0.05215595655038315,406,212,194,0.5221674876847291,0.6138613861386139,0.6860119047619048,0.3269230769230769,0.8095238095238095,0.8095238095238095,0.4657534246575342,0.24089419926768163,0.5625,0.9183673469387755,0.3269230769230769,0.30208256805846356,0.7607142857142858,0.5029358676948432,0.058510836066290886,101,21,80,0.2079207920792079
27,5,0.05229304062737051,0.056066184993925516,0.7093596059113301,0.7126456310679612,0.6404109589041096,0.935,0.935,0.7601626016260162,0.42246118237052754,0.49029126213592233,0.8859649122807017,0.6404109589041096,0.4731416897865629,0.8395873786407767,0.8050408770849815,0.05229304062737051,406,200,206,0.49261083743842365,0.6336633663366337,0.6985119047619048,0.34,0.8095238095238095,0.8095238095238095,0.4788732394366197,0.26306448432261875,0.5875,0.9215686274509803,0.34,0.3222560673168193,0.7636904761904761,0.4510070956363621,0.056066184993925516,101,21,80,0.2079207920792079
28,5,0.05139512458655311,0.06254140031293477,0.7216748768472906,0.712395187750638,0.6622516556291391,0.9478672985781991,0.9478672985781991,0.7797270955165692,0.43244179429447993,0.47692307692307695,0.8942307692307693,0.6622516556291391,0.48619787969107914,0.8416575525580265,0.8459398007287898,0.05139512458655311,406,211,195,0.5197044334975369,0.5148514851485149,0.6410714285714285,0.28125,0.8571428571428571,0.8571428571428571,0.4235294117647059,0.16075970832626763,0.425,0.918918918918919,0.28125,0.23764728211149544,0.7642857142857142,0.4459038899357701,0.06254140031293477,101,21,80,0.2079207920792079
29,5,0.047743978145348226,0.060526903179280535,0.7364532019704434,0.7406719588279562,0.6597222222222222,0.9547738693467337,0.9547738693467337,0.7802874743326489,0.4772196683434018,0.5265700483091788,0.923728813559322,0.6597222222222222,0.5299439662110405,0.8794212608938412,0.8638485931880917,0.047743978145348226,406,199,207,0.49014778325123154,0.5643564356435643,0.6547619047619048,0.2982456140350877,0.8095238095238095,0.8095238095238095,0.4358974358974359,0.18964259664478478,0.5,0.9090909090909091,0.2982456140350877,0.2533290162839227,0.7672619047619047,0.5404671490079441,0.060526903179280535,101,21,80,0.2079207920792079
30,5,0.04413814586081876,0.05898271074131279,0.7635467980295566,0.779283355753944,0.6679245283018868,0.9567567567567568,0.9567567567567568,0.7866666666666666,0.5395629060838747,0.6018099547511312,0.9432624113475178,0.6679245283018868,0.584284758483856,0.9019200195670785,0.8592608875097202,0.04413814586081876,406,185,221,0.45566502463054187,0.6435643564356436,0.687202380952381,0.3404255319148936,0.7619047619047619,0.7619047619047619,0.47058823529411764,0.25704944830404575,0.6125,0.9074074074074074,0.3404255319148936,0.30461423577883456,0.7708333333333334,0.5406380351484791,0.05898271074131279,101,21,80,0.2079207920792079
31,5,0.04556182376596517,0.05973455078189842,0.7807881773399015,0.7771587405627169,0.7107142857142857,0.961352657004831,0.961352657004831,0.8172484599589322,0.5582748588054082,0.592964824120603,0.9365079365079365,0.7107142857142857,0.5989712780681793,0.8867283276284806,0.8707501805643677,0.04556182376596517,406,207,199,0.5098522167487685,0.6138613861386139,0.6860119047619048,0.3269230769230769,0.8095238095238095,0.8095238095238095,0.4657534246575342,0.24089419926768163,0.5625,0.9183673469387755,0.3269230769230769,0.30208256805846356,0.7702380952380952,0.4985796496551669,0.05973455078189842,101,21,80,0.2079207920792079
32,5,0.05028743248628859,0.061000297203346494,0.7389162561576355,0.7498781676413255,0.6578947368421053,0.9210526315789473,0.9210526315789473,0.7675438596491229,0.4880079946702198,0.5787037037037037,0.8928571428571429,0.6578947368421053,0.5246348644996134,0.861111111111111,0.813172006267621,0.05028743248628859,406,190,216,0.46798029556650245,0.5544554455445545,0.6485119047619048,0.29310344827586204,0.8095238095238095,0.8095238095238095,0.43037974683544306,0.1800469060075771,0.4875,0.9069767441860465,0.29310344827586204,0.24377977966864497,0.7625,0.48413138996138555,0.061000297203346494,101,21,80,0.2079207920792079
33,5,0.047291048203799715,0.0586228212503034,0.7463054187192119,0.732412029708998,0.6842105263157895,0.9674418604651163,0.9674418604651163,0.8015414258188824,0.4772357926844514,0.4973821989528796,0.9313725490196079,0.6842105263157895,0.5349185208855769,0.8720808474369902,0.8565063905949875,0.047291048203799715,406,215,191,0.5295566502463054,0.6039603960396039,0.6797619047619048,0.32075471698113206,0.8095238095238095,0.8095238095238095,0.4594594594594595,0.23018292682926833,0.55,0.9166666666666666,0.32075471698113206,0.2921620103837433,0.7601190476190476,0.4501778001462139,0.0586228212503034,101,21,80,0.2079207920792079
34,5,0.049925022425928285,0.05697068255071962,0.7167487684729064,0.7095790930949895,0.6546052631578947,0.9521531100478469,0.9521531100478469,0.7758284600389863,0.4250424845454769,0.467005076142132,0.9019607843137255,0.6546052631578947,0.4830002225187169,0.858208048964127,0.8362412461389999,0.049925022425928285,406,209,197,0.5147783251231527,0.6534653465346535,0.6934523809523809,0.34782608695652173,0.7619047619047619,0.7619047619047619,0.47761194029850745,0.2688728024819027,0.625,0.9090909090909091,0.34782608695652173,0.3152814761209702,0.7642857142857143,0.46474568405754846,0.05697068255071962,101,21,80,0.2079207920792079
